transaction_id,account_number,transaction_date,description,debit,credit,balance,category
TXN00000001,ACC-412271,08/13/2025,Purchase at Lyft,4047.57,0.0,4360.43,Shopping
TXN00000002,ACC-937809,07/23/2023,Purchase at Starbucks,4854.11,4854.11,4409.8,Entertainment
TXN00000003,ACC-990145,03/09/2024,Purchase at Walmart,4188.8,0.0,8442.67,Food
TXN00000004,ACC-774444,04/09/2025,Purchase at Shell,0.0,0.0,19130.46,Entertainment
TXN00000005,ACC-356582,01/25/2025,Purchase at Apple,1822.09,0.0,39385.56,Transport
TXN00000006,ACC-983238,07/09/2023,Purchase at Amazon,0.0,0.0,-500.0,Transport
TXN00000007,ACC-695233,04/06/2024,Purchase at Target,2297.69,0.0,17126.96,Entertainment
TXN00000008,ACC-660248,01/22/2024,Purchase at Netflix,0.0,0.0,9070.12,Transport
TXN00000009,ACC-325422,05/04/2025,Purchase at Home Depot,0.0,0.0,4842.04,Transport
TXN00000010,ACC-304789,04/13/2024,Purchase at Uber,2294.51,0.0,43125.95,Food
TXN00000011,ACC-989930,01/16/2024,Purchase at McDonalds,4252.8,4252.8,29800.03,Food
TXN00000012,ACC-238942,06/10/2024,Purchase at Home Depot,4974.16,4974.16,47054.73,Entertainment
TXN00000013,ACC-734170,05/10/2023,Purchase at McDonalds,2531.79,0.0,7151.02,Entertainment
TXN00000014,ACC-954823,04/15/2023,Purchase at Shell,4541.49,0.0,13348.46,Entertainment
TXN00000015,ACC-590496,11/19/2024,Purchase at Target,2443.36,0.0,24473.96,Transport
TXN00000016,ACC-307115,07/27/2025,Purchase at Uber,4084.39,0.0,9336.14,Shopping
TXN00000017,ACC-902347,07/26/2024,Purchase at Target,0.0,1476.19,15360.23,Entertainment
TXN00000018,ACC-570928,08/27/2025,Purchase at Apple,548.47,0.0,18902.36,Entertainment
TXN00000019,ACC-506425,12/10/2024,Purchase at Apple,157.7,0.0,19524.68,Transport
TXN00000020,ACC-435977,03/16/2024,Purchase at Costco,2973.18,0.0,46356.23,Food
TXN00000021,ACC-238942,09/19/2023,Purchase at Lyft,3144.55,0.0,10168.9,Shopping
TXN00000022,ACC-427036,01/26/2025,Purchase at McDonalds,4331.91,0.0,41203.03,Transport
TXN00000023,ACC-710285,01/11/2025,Purchase at Netflix,791.43,0.0,2081.5,Transport
TXN00000024,ACC-255985,05/09/2023,Purchase at Apple,4070.86,0.0,33518.25,Shopping
TXN00000025,ACC-944967,08/25/2024,Purchase at Uber,711.2,711.2,4783.91,Bills
TXN00000026,ACC-821280,10/11/2025,Purchase at Netflix,1102.17,0.0,3887.73,Shopping
TXN00000027,ACC-280565,11/17/2025,Purchase at Lyft,1079.54,0.0,45742.13,Shopping
TXN00000028,ACC-100759,12/23/2023,Purchase at Shell,3880.79,0.0,24453.52,Entertainment
TXN00000029,ACC-419484,02/18/2024,Purchase at Walmart,996.34,0.0,509.76,Entertainment
TXN00000030,ACC-204988,12/28/2025,Purchase at Lyft,2104.07,0.0,15016.34,Bills
TXN00000031,ACC-706716,03/24/2025,Purchase at Lyft,1573.14,1573.14,34803.5,Bills
TXN00000032,ACC-925464,03/15/2023,Purchase at McDonalds,4724.29,0.0,34361.34,Transport
TXN00000033,ACC-774444,03/21/2025,Purchase at Netflix,1569.33,0.0,14919.82,Bills
TXN00000034,ACC-442211,07/23/2023,Purchase at Walmart,0.0,0.0,32042.22,Entertainment
TXN00000035,ACC-275338,09/14/2023,Purchase at Walmart,851.57,0.0,34812.85,Food
TXN00000036,ACC-331820,05/26/2024,Purchase at Target,0.0,0.0,6559.08,Shopping
TXN00000037,ACC-133183,07/02/2023,Purchase at McDonalds,2973.88,0.0,10363.87,Food
TXN00000038,ACC-255985,11/21/2025,Purchase at Apple,0.0,0.0,25802.85,Shopping
TXN00000039,ACC-357024,02/12/2024,Purchase at Amazon,0.0,0.0,39236.92,Bills
TXN00000040,ACC-905809,09/06/2023,Purchase at Lyft,4601.48,0.0,41180.55,Shopping
TXN00000041,ACC-459411,04/02/2025,Purchase at Costco,0.0,1050.63,18660.93,Transport
TXN00000042,ACC-173473,07/24/2025,Purchase at Home Depot,199.75,0.0,40774.78,Bills
TXN00000043,ACC-403595,01/18/2024,Purchase at Shell,0.0,0.0,19398.7,Bills
TXN00000044,ACC-586813,01/01/2025,Purchase at Amazon,2878.32,0.0,7825.15,Food
TXN00000045,ACC-904793,04/19/2025,Purchase at Shell,2564.97,0.0,10854.65,Bills
TXN00000046,ACC-436305,08/08/2023,Purchase at Lyft,2482.77,2482.77,33788.16,Food
TXN00000047,ACC-768939,06/11/2025,Purchase at Netflix,0.0,0.0,16258.46,Bills
TXN00000048,ACC-924019,11/15/2023,Purchase at Amazon,4409.45,0.0,19680.14,Transport
TXN00000049,ACC-991069,03/17/2024,Purchase at Home Depot,609.64,0.0,7682.24,Food
TXN00000050,ACC-758517,03/27/2024,Purchase at Netflix,2962.48,2962.48,30712.4,Bills
TXN00000051,ACC-977371,11/11/2024,Purchase at Amazon,0.0,0.0,4163.37,Shopping
TXN00000052,ACC-105554,11/13/2025,Purchase at Amazon,40.81,0.0,22257.04,Shopping
TXN00000053,ACC-977371,09/19/2024,Purchase at Uber,2058.07,0.0,34463.16,Entertainment
TXN00000054,ACC-388502,04/06/2025,Purchase at McDonalds,537.66,0.0,24630.89,Bills
TXN00000055,ACC-143582,08/01/2025,Purchase at Starbucks,418.15,418.15,16644.72,Bills
TXN00000056,ACC-546955,12/06/2024,Purchase at Shell,4000.72,0.0,21442.13,Shopping
TXN00000057,ACC-161449,10/18/2024,Purchase at McDonalds,4390.86,0.0,38812.04,Food
TXN00000058,ACC-311021,12/14/2023,Purchase at Apple,0.0,0.0,26972.68,Transport
TXN00000059,ACC-855058,02/04/2024,Purchase at Starbucks,0.0,0.0,1662.87,Transport
TXN00000060,ACC-584692,09/29/2024,Purchase at Uber,3568.32,0.0,25498.09,Shopping
TXN00000061,ACC-466067,05/26/2025,Purchase at Home Depot,3724.76,0.0,27172.87,Food
TXN00000062,ACC-549152,12/29/2023,Purchase at Walmart,1089.14,0.0,45322.06,Entertainment
TXN00000063,ACC-549152,07/26/2024,Purchase at Amazon,4792.06,0.0,11287.98,Food
TXN00000064,ACC-369503,02/15/2025,Purchase at Shell,0.0,0.0,21081.52,Bills
TXN00000065,ACC-546955,03/24/2024,Purchase at Netflix,3448.98,3448.98,24226.31,Bills
TXN00000066,ACC-357024,11/26/2024,Purchase at Home Depot,0.0,0.0,41873.98,Transport
TXN00000067,ACC-553402,01/24/2025,Purchase at Apple,128.53,128.53,36651.53,Entertainment
TXN00000068,ACC-904793,01/20/2025,Purchase at McDonalds,4194.53,0.0,38779.67,Bills
TXN00000069,ACC-449071,04/28/2024,Purchase at Uber,0.0,0.0,22309.7,Bills
TXN00000070,ACC-821280,03/10/2023,Purchase at Home Depot,4234.63,0.0,12970.38,Entertainment
TXN00000071,ACC-894446,08/18/2023,Purchase at Netflix,0.0,0.0,45154.3,Transport
TXN00000072,ACC-868510,05/17/2024,Purchase at Shell,176.83,0.0,24129.04,Food
TXN00000073,ACC-403711,10/04/2023,Purchase at Amazon,0.0,0.0,22138.56,Bills
TXN00000074,ACC-369545,07/17/2023,Purchase at Netflix,3511.92,0.0,39638.72,Bills
TXN00000075,ACC-328970,12/13/2025,Purchase at Netflix,3111.34,0.0,42750.88,Bills
TXN00000076,ACC-710285,09/04/2025,Purchase at Walmart,0.0,0.0,4786.89,Entertainment
TXN00000077,ACC-591194,04/21/2023,Purchase at McDonalds,336.11,0.0,9257.51,Transport
TXN00000078,ACC-442211,07/17/2023,Purchase at Amazon,4015.36,0.0,42859.06,Transport
TXN00000079,ACC-744609,11/24/2025,Purchase at McDonalds,2466.38,0.0,27328.93,Entertainment
TXN00000080,ACC-223771,02/12/2023,Purchase at Costco,0.0,0.0,40607.44,Food
TXN00000081,ACC-681581,10/14/2023,Purchase at Starbucks,0.0,4391.28,8835.79,Bills
TXN00000082,ACC-282990,04/01/2024,Purchase at Costco,4219.69,0.0,14470.52,Shopping
TXN00000083,ACC-111405,05/05/2025,Purchase at Home Depot,0.0,1244.29,13888.45,Entertainment
TXN00000084,ACC-803431,04/21/2023,Purchase at Starbucks,2953.35,2953.35,47867.17,Entertainment
TXN00000085,ACC-164782,07/07/2025,Purchase at McDonalds,718.24,718.24,47516.88,Transport
TXN00000086,ACC-449071,05/20/2023,Purchase at Starbucks,1605.01,0.0,6464.39,Transport
TXN00000087,ACC-779099,09/14/2024,Purchase at Netflix,3135.03,0.0,43455.43,Shopping
TXN00000088,ACC-744812,04/14/2023,Purchase at Amazon,892.08,0.0,46169.85,Shopping
TXN00000089,ACC-311638,12/26/2023,Purchase at Starbucks,0.0,0.0,2084.61,Bills
TXN00000090,ACC-427036,10/02/2025,Purchase at Home Depot,0.0,4422.38,15297.56,Transport
TXN00000091,ACC-590496,06/19/2025,Purchase at Walmart,4422.31,0.0,24376.19,Bills
TXN00000092,ACC-974589,08/18/2025,Purchase at Uber,3798.46,0.0,36817.87,Shopping
TXN00000093,ACC-328970,07/21/2023,Purchase at Amazon,3048.88,0.0,25038.61,Shopping
TXN00000094,ACC-283117,11/28/2024,Purchase at Walmart,405.45,0.0,49235.84,Bills
TXN00000095,ACC-904793,04/05/2024,Purchase at Target,0.0,1180.48,43384.35,Shopping
TXN00000096,ACC-413822,05/09/2025,Purchase at Home Depot,3111.96,0.0,5057.2,Bills
TXN00000097,ACC-937809,12/19/2024,Purchase at Apple,0.0,0.0,46337.83,Entertainment
TXN00000098,ACC-435977,06/11/2025,Purchase at Target,3894.56,0.0,11101.87,Entertainment
TXN00000099,ACC-331820,07/17/2023,Purchase at Lyft,2243.33,0.0,9307.81,Entertainment
TXN00000100,ACC-727277,06/26/2023,Purchase at Apple,4271.49,0.0,551.54,Bills
TXN00000101,ACC-867597,06/17/2025,Purchase at Uber,635.66,0.0,36959.71,Shopping
TXN00000102,ACC-869271,08/17/2024,Purchase at Costco,0.0,0.0,11360.99,Entertainment
TXN00000103,ACC-356582,05/10/2025,Purchase at Starbucks,3773.82,0.0,41757.98,Shopping
TXN00000104,ACC-553402,04/29/2025,Purchase at Netflix,3293.78,0.0,15549.38,Entertainment
TXN00000105,ACC-377546,02/01/2024,Purchase at Home Depot,0.0,3011.5,29274.73,Transport
TXN00000106,ACC-914586,02/22/2023,Purchase at Lyft,2506.53,0.0,18921.77,Bills
TXN00000107,ACC-460890,03/02/2025,Purchase at Shell,0.0,0.0,13402.71,Bills
TXN00000108,ACC-393679,08/17/2023,Purchase at Costco,0.0,4555.18,-500.0,Shopping
TXN00000109,ACC-974589,05/13/2025,Purchase at McDonalds,691.48,691.48,39988.68,Food
TXN00000110,ACC-954823,06/27/2025,Purchase at Costco,0.0,0.0,7959.25,Bills
TXN00000111,ACC-133183,06/02/2024,Purchase at Apple,4039.94,4039.94,49012.44,Transport
TXN00000112,ACC-459411,05/24/2023,Purchase at Amazon,0.0,297.88,26518.09,Entertainment
TXN00000113,ACC-546955,07/30/2025,Purchase at Lyft,1364.91,0.0,41978.05,Entertainment
TXN00000114,ACC-443561,04/03/2024,Purchase at Uber,3290.53,3290.53,10186.73,Transport
TXN00000115,ACC-546955,03/06/2024,Purchase at Netflix,2770.02,0.0,29252.22,Entertainment
TXN00000116,ACC-779099,07/05/2025,Purchase at Costco,614.68,0.0,48354.83,Food
TXN00000117,ACC-646438,10/18/2023,Purchase at Costco,1743.61,0.0,41483.06,Entertainment
TXN00000118,ACC-449071,09/09/2025,Purchase at Netflix,3078.86,3078.86,31774.25,Transport
TXN00000119,ACC-680000,02/10/2025,Purchase at Netflix,0.0,0.0,20491.82,Transport
TXN00000120,ACC-590496,12/19/2024,Purchase at Amazon,883.37,0.0,49880.91,Transport
TXN00000121,ACC-449071,12/30/2025,Purchase at Walmart,2170.17,0.0,22298.16,Bills
TXN00000122,ACC-129270,06/26/2025,Purchase at Lyft,4267.02,0.0,24366.45,Entertainment
TXN00000123,ACC-280565,06/15/2025,Purchase at Starbucks,227.99,0.0,39472.48,Entertainment
TXN00000124,ACC-286527,09/22/2025,Purchase at Starbucks,0.0,0.0,48741.04,Transport
TXN00000125,ACC-623237,05/09/2024,Purchase at Target,0.0,0.0,23875.61,Transport
TXN00000126,ACC-505477,07/14/2024,Purchase at Uber,0.0,0.0,20738.41,Bills
TXN00000127,ACC-496720,02/13/2023,Purchase at McDonalds,0.0,0.0,23891.38,Shopping
TXN00000128,ACC-143582,12/14/2024,Purchase at Apple,2997.49,0.0,33195.75,Entertainment
TXN00000129,ACC-956303,09/04/2024,Purchase at Costco,2325.91,0.0,18068.0,Food
TXN00000130,ACC-420505,11/12/2025,Purchase at McDonalds,4059.16,0.0,35150.32,Transport
TXN00000131,ACC-989930,10/03/2024,Purchase at Home Depot,0.0,0.0,43626.05,Entertainment
TXN00000132,ACC-459411,04/02/2024,Purchase at Shell,3777.91,0.0,14024.25,Shopping
TXN00000133,ACC-572072,02/20/2025,Purchase at Starbucks,1175.02,0.0,35932.86,Bills
TXN00000134,ACC-442211,06/29/2025,Purchase at Apple,0.0,3026.4,35032.88,Shopping
TXN00000135,ACC-646438,06/23/2023,Purchase at Shell,3652.58,3652.58,2189.98,Transport
TXN00000136,ACC-283117,01/14/2025,Purchase at Home Depot,0.0,0.0,42197.37,Entertainment
TXN00000137,ACC-902347,05/13/2024,Purchase at Netflix,2185.05,0.0,5859.41,Shopping
TXN00000138,ACC-991069,01/21/2023,Purchase at Walmart,1887.32,0.0,43701.04,Transport
TXN00000139,ACC-635067,01/14/2023,Purchase at Amazon,0.0,0.0,38629.47,Entertainment
TXN00000140,ACC-626369,12/10/2024,Purchase at Uber,0.0,0.0,33253.86,Transport
TXN00000141,ACC-436305,06/12/2025,Purchase at Shell,0.0,1594.77,5247.87,Entertainment
TXN00000142,ACC-821280,06/21/2023,Purchase at Costco,1398.92,0.0,28942.35,Food
TXN00000143,ACC-921024,02/12/2024,Purchase at Costco,2820.48,2820.48,4417.25,Bills
TXN00000144,ACC-408161,09/13/2025,Purchase at Amazon,4560.91,0.0,38311.87,Entertainment
TXN00000145,ACC-744812,06/02/2025,Purchase at Costco,66.08,66.08,39371.01,Transport
TXN00000146,ACC-403711,10/26/2025,Purchase at Lyft,0.0,0.0,9942.03,Food
TXN00000147,ACC-893568,04/14/2024,Purchase at Netflix,0.0,3974.29,7050.62,Bills
TXN00000148,ACC-161449,03/23/2025,Purchase at Target,2915.45,0.0,12111.09,Transport
TXN00000149,ACC-623237,06/03/2023,Purchase at Netflix,1803.73,0.0,43286.14,Entertainment
TXN00000150,ACC-105554,07/16/2023,Purchase at Target,535.07,535.07,35233.86,Entertainment
TXN00000151,ACC-131528,10/29/2024,Purchase at Starbucks,2836.72,0.0,27622.49,Shopping
TXN00000152,ACC-584692,05/10/2024,Purchase at Netflix,2971.59,0.0,17983.84,Shopping
TXN00000153,ACC-420505,10/20/2025,Purchase at Lyft,3854.08,3854.08,47668.4,Shopping
TXN00000154,ACC-357024,03/17/2023,Purchase at Shell,2647.91,2647.91,1858.72,Food
TXN00000155,ACC-325422,09/24/2024,Purchase at Starbucks,4982.94,0.0,18355.21,Food
TXN00000156,ACC-311638,03/28/2024,Purchase at Shell,0.0,0.0,19061.25,Bills
TXN00000157,ACC-623237,01/07/2025,Purchase at Amazon,4232.35,0.0,41804.13,Shopping
TXN00000158,ACC-535571,11/06/2024,Purchase at Apple,2289.38,0.0,41390.96,Bills
TXN00000159,ACC-369517,09/23/2024,Purchase at Apple,0.0,0.0,43878.9,Entertainment
TXN00000160,ACC-739572,11/09/2023,Purchase at Walmart,1628.71,0.0,28542.81,Bills
TXN00000161,ACC-393679,02/25/2023,Purchase at Target,2962.86,0.0,13963.5,Food
TXN00000162,ACC-673758,01/19/2024,Purchase at Starbucks,4348.4,4348.4,4492.66,Food
TXN00000163,ACC-992495,06/13/2025,Purchase at Lyft,246.86,0.0,12110.42,Bills
TXN00000164,ACC-449071,08/12/2023,Purchase at Costco,4659.09,0.0,868.08,Entertainment
TXN00000165,ACC-626521,11/29/2023,Purchase at Costco,1850.6,0.0,39868.19,Transport
TXN00000166,ACC-849491,01/06/2024,Purchase at Netflix,4001.22,0.0,40254.52,Bills
TXN00000167,ACC-991069,12/24/2025,Purchase at Amazon,1964.04,0.0,46048.08,Food
TXN00000168,ACC-803431,12/17/2024,Purchase at Home Depot,1802.17,0.0,16717.5,Shopping
TXN00000169,ACC-111405,10/05/2024,Purchase at Starbucks,0.0,0.0,34569.7,Shopping
TXN00000170,ACC-505477,04/12/2023,Purchase at Apple,2799.53,0.0,35764.98,Shopping
TXN00000171,ACC-417997,07/31/2024,Purchase at Netflix,4598.81,0.0,6165.72,Food
TXN00000172,ACC-377546,07/09/2023,Purchase at Uber,2139.0,0.0,5970.82,Food
TXN00000173,ACC-281952,04/29/2025,Purchase at Target,4593.64,0.0,27048.29,Shopping
TXN00000174,ACC-954823,04/26/2024,Purchase at Lyft,3335.57,3335.57,46592.46,Bills
TXN00000175,ACC-322191,12/22/2024,Purchase at Uber,3022.85,3022.85,11817.34,Shopping
TXN00000176,ACC-558221,07/29/2023,Purchase at McDonalds,0.0,0.0,48638.23,Entertainment
TXN00000177,ACC-243078,12/14/2025,Purchase at Lyft,3231.48,0.0,44381.54,Entertainment
TXN00000178,ACC-914586,11/17/2024,Purchase at Netflix,1090.4,0.0,37717.41,Transport
TXN00000179,ACC-322191,02/13/2024,Purchase at Walmart,411.24,411.24,21833.18,Food
TXN00000180,ACC-924019,11/03/2025,Purchase at Starbucks,820.11,820.11,23083.91,Entertainment
TXN00000181,ACC-660248,12/26/2023,Purchase at Costco,854.88,0.0,37486.45,Bills
TXN00000182,ACC-974589,04/14/2025,Purchase at Netflix,0.0,3051.14,26350.96,Shopping
TXN00000183,ACC-298290,07/13/2024,Purchase at Lyft,0.0,4945.8,35405.7,Shopping
TXN00000184,ACC-649302,01/31/2023,Purchase at Netflix,2478.4,0.0,1866.71,Bills
TXN00000185,ACC-907869,05/09/2025,Purchase at Walmart,758.26,0.0,17406.67,Bills
TXN00000186,ACC-623237,11/03/2025,Purchase at Costco,1924.94,1924.94,16775.74,Food
TXN00000187,ACC-311021,11/14/2024,Purchase at Shell,0.0,0.0,33295.06,Shopping
TXN00000188,ACC-558221,06/03/2025,Purchase at Costco,2569.85,2569.85,3800.3,Bills
TXN00000189,ACC-553402,04/09/2023,Purchase at Lyft,3354.54,3354.54,45551.05,Shopping
TXN00000190,ACC-930481,10/05/2025,Purchase at Home Depot,4996.65,0.0,1493.49,Shopping
TXN00000191,ACC-132809,08/12/2023,Purchase at McDonalds,1381.17,1381.17,4291.37,Bills
TXN00000192,ACC-722897,11/26/2025,Purchase at Starbucks,0.0,0.0,10479.56,Food
TXN00000193,ACC-758517,01/12/2023,Purchase at Apple,0.0,0.0,32296.5,Shopping
TXN00000194,ACC-706716,01/04/2025,Purchase at Walmart,0.0,0.0,32749.6,Shopping
TXN00000195,ACC-739572,03/11/2024,Purchase at McDonalds,2713.63,0.0,23616.46,Entertainment
TXN00000196,ACC-417997,11/25/2025,Purchase at Amazon,390.35,390.35,26262.81,Food
TXN00000197,ACC-262868,10/14/2023,Purchase at Apple,1555.36,0.0,32780.92,Food
TXN00000198,ACC-680000,02/05/2023,Purchase at Starbucks,158.25,0.0,12911.69,Food
TXN00000199,ACC-948357,01/06/2023,Purchase at Starbucks,35.27,0.0,33866.64,Entertainment
TXN00000200,ACC-741874,09/08/2025,Purchase at Costco,0.0,4193.35,24902.54,Bills
TXN00000201,ACC-695233,07/24/2025,Purchase at Target,0.0,0.0,11488.15,Bills
TXN00000202,ACC-572072,03/01/2024,Purchase at Target,297.19,0.0,2719.81,Entertainment
TXN00000203,ACC-623888,03/07/2024,Purchase at Shell,1169.89,1169.89,38002.22,Shopping
TXN00000204,ACC-143582,12/05/2024,Purchase at Costco,263.06,0.0,44486.99,Shopping
TXN00000205,ACC-132809,12/11/2024,Purchase at Uber,974.5,974.5,21330.07,Bills
TXN00000206,ACC-803431,07/27/2025,Purchase at Target,128.48,0.0,35182.52,Food
TXN00000207,ACC-535571,03/03/2025,Purchase at Starbucks,0.0,1212.54,30938.98,Food
TXN00000208,ACC-369545,09/27/2024,Purchase at Home Depot,0.0,0.0,38179.53,Shopping
TXN00000209,ACC-555250,03/28/2023,Purchase at McDonalds,0.0,0.0,28971.17,Transport
TXN00000210,ACC-298290,01/07/2025,Purchase at Apple,1299.5,0.0,27119.76,Entertainment
TXN00000211,ACC-442211,12/09/2023,Purchase at Target,1503.76,0.0,14297.16,Bills
TXN00000212,ACC-311021,06/30/2025,Purchase at Apple,1354.64,0.0,5555.65,Entertainment
TXN00000213,ACC-779099,11/13/2024,Purchase at McDonalds,0.0,3366.29,24777.41,Bills
TXN00000214,ACC-403595,06/14/2023,Purchase at Home Depot,0.0,292.08,31556.69,Transport
TXN00000215,ACC-833835,11/22/2025,Purchase at Apple,4664.02,4664.02,38962.99,Shopping
TXN00000216,ACC-223771,11/13/2025,Purchase at Costco,1436.93,0.0,33956.93,Shopping
TXN00000217,ACC-403595,11/03/2025,Purchase at Netflix,1443.4,1443.4,21534.98,Entertainment
TXN00000218,ACC-345031,01/11/2025,Purchase at Target,3465.98,3465.98,2277.93,Transport
TXN00000219,ACC-869947,11/26/2024,Purchase at Target,1245.23,0.0,24764.26,Shopping
TXN00000220,ACC-904793,02/13/2023,Purchase at McDonalds,4727.85,0.0,32195.86,Transport
TXN00000221,ACC-436305,01/03/2025,Purchase at Apple,2351.61,0.0,5717.24,Entertainment
TXN00000222,ACC-974589,03/12/2024,Purchase at Amazon,0.0,0.0,35929.2,Transport
TXN00000223,ACC-766487,07/17/2023,Purchase at McDonalds,533.94,533.94,9955.98,Entertainment
TXN00000224,ACC-768939,09/17/2023,Purchase at Target,494.51,494.51,7086.42,Transport
TXN00000225,ACC-626521,08/30/2025,Purchase at Walmart,1597.82,1597.82,16431.45,Entertainment
TXN00000226,ACC-774444,10/08/2025,Purchase at Netflix,4309.5,4309.5,41565.54,Food
TXN00000227,ACC-356582,07/25/2023,Purchase at Costco,0.0,0.0,9717.05,Transport
TXN00000228,ACC-325422,12/28/2024,Purchase at Starbucks,951.68,0.0,10777.35,Bills
TXN00000229,ACC-503435,06/27/2023,Purchase at Amazon,3528.79,0.0,22499.37,Entertainment
TXN00000230,ACC-782354,07/25/2023,Purchase at Shell,0.0,0.0,22976.49,Entertainment
TXN00000231,ACC-369545,11/28/2023,Purchase at Lyft,3194.57,0.0,44002.69,Shopping
TXN00000232,ACC-422146,04/21/2024,Purchase at Amazon,4937.24,0.0,26936.68,Entertainment
TXN00000233,ACC-413822,02/03/2025,Purchase at Amazon,2998.94,0.0,25024.45,Entertainment
TXN00000234,ACC-535910,03/21/2024,Purchase at Lyft,2857.59,2857.59,28689.71,Food
TXN00000235,ACC-927811,07/31/2025,Purchase at Starbucks,2841.2,2841.2,48179.3,Food
TXN00000236,ACC-948357,10/18/2023,Purchase at Starbucks,0.0,0.0,24974.78,Shopping
TXN00000237,ACC-253114,07/16/2025,Purchase at Costco,4530.25,4530.25,44037.58,Food
TXN00000238,ACC-218532,04/02/2025,Purchase at McDonalds,4074.88,0.0,40559.72,Entertainment
TXN00000239,ACC-262868,07/04/2024,Purchase at Costco,0.0,0.0,45732.09,Food
TXN00000240,ACC-902347,06/22/2023,Purchase at Starbucks,2026.11,2026.11,23352.06,Entertainment
TXN00000241,ACC-765210,08/17/2024,Purchase at Home Depot,0.0,1818.95,18006.5,Bills
TXN00000242,ACC-612959,04/23/2023,Purchase at Lyft,4661.29,0.0,28876.89,Food
TXN00000243,ACC-449071,11/08/2024,Purchase at Netflix,2729.42,0.0,9858.08,Shopping
TXN00000244,ACC-851793,11/26/2023,Purchase at Costco,0.0,0.0,38572.48,Transport
TXN00000245,ACC-990239,06/06/2025,Purchase at Amazon,1728.74,0.0,38182.75,Entertainment
TXN00000246,ACC-505477,07/12/2024,Purchase at Amazon,2758.23,0.0,36167.69,Entertainment
TXN00000247,ACC-764042,09/10/2024,Purchase at Home Depot,0.0,621.53,39484.12,Entertainment
TXN00000248,ACC-269776,05/10/2024,Purchase at Lyft,0.0,0.0,35901.4,Entertainment
TXN00000249,ACC-616691,06/05/2024,Purchase at Walmart,3918.21,3918.21,20890.61,Bills
TXN00000250,ACC-902347,03/24/2024,Purchase at Home Depot,1335.44,0.0,14626.33,Transport
TXN00000251,ACC-417997,08/15/2024,Purchase at Target,0.0,0.0,4641.01,Shopping
TXN00000252,ACC-868510,04/30/2024,Purchase at Uber,692.02,0.0,40354.7,Bills
TXN00000253,ACC-367037,01/16/2024,Purchase at Apple,3757.59,0.0,-500.0,Transport
TXN00000254,ACC-831873,07/29/2023,Purchase at Target,0.0,0.0,38576.56,Bills
TXN00000255,ACC-768939,03/22/2023,Purchase at Uber,4418.73,4418.73,896.52,Bills
TXN00000256,ACC-584692,05/20/2024,Purchase at Shell,3037.37,3037.37,41617.03,Shopping
TXN00000257,ACC-974589,03/12/2024,Purchase at Costco,0.0,2346.44,33700.24,Shopping
TXN00000258,ACC-724274,08/28/2025,Purchase at Amazon,2494.79,2494.79,44956.97,Transport
TXN00000259,ACC-907869,08/01/2025,Purchase at Target,4605.23,4605.23,4777.62,Transport
TXN00000260,ACC-510420,05/06/2024,Purchase at Costco,0.0,1617.33,43500.59,Shopping
TXN00000261,ACC-893568,05/01/2025,Purchase at Starbucks,4563.73,4563.73,45106.51,Transport
TXN00000262,ACC-961656,07/25/2023,Purchase at Shell,0.0,0.0,11726.72,Shopping
TXN00000263,ACC-331820,09/08/2024,Purchase at Target,0.0,0.0,10276.13,Shopping
TXN00000264,ACC-930481,03/02/2023,Purchase at Costco,89.07,0.0,15903.49,Entertainment
TXN00000265,ACC-974589,02/19/2025,Purchase at Lyft,1779.56,0.0,35619.65,Bills
TXN00000266,ACC-369503,05/07/2025,Purchase at Home Depot,0.0,2005.3,46425.23,Shopping
TXN00000267,ACC-779099,10/05/2023,Purchase at Costco,0.0,0.0,11208.65,Shopping
TXN00000268,ACC-572072,07/04/2025,Purchase at Uber,3626.16,0.0,30006.41,Bills
TXN00000269,ACC-892916,05/06/2024,Purchase at Lyft,0.0,2280.92,-500.0,Bills
TXN00000270,ACC-649302,01/14/2023,Purchase at McDonalds,0.0,1938.42,46516.77,Food
TXN00000271,ACC-881776,06/19/2024,Purchase at Apple,778.66,778.66,-500.0,Shopping
TXN00000272,ACC-921024,10/15/2025,Purchase at Lyft,0.0,984.93,13832.47,Food
TXN00000273,ACC-393679,09/14/2023,Purchase at McDonalds,3379.13,0.0,10449.83,Bills
TXN00000274,ACC-738254,11/09/2023,Purchase at Home Depot,0.0,0.0,20608.12,Shopping
TXN00000275,ACC-526807,09/23/2025,Purchase at McDonalds,1014.29,0.0,24312.53,Bills
TXN00000276,ACC-357024,01/16/2024,Purchase at McDonalds,1949.96,0.0,10126.91,Food
TXN00000277,ACC-143582,09/26/2025,Purchase at Uber,1103.77,0.0,47227.77,Entertainment
TXN00000278,ACC-132809,01/03/2023,Purchase at Target,4149.48,0.0,43117.45,Food
TXN00000279,ACC-586813,08/02/2024,Purchase at Uber,0.0,0.0,6421.63,Bills
TXN00000280,ACC-894446,03/27/2023,Purchase at Costco,4873.38,0.0,16650.88,Transport
TXN00000281,ACC-904793,01/12/2024,Purchase at Target,2577.66,0.0,16012.58,Bills
TXN00000282,ACC-311638,01/23/2023,Purchase at Uber,424.06,0.0,33784.51,Shopping
TXN00000283,ACC-360925,11/20/2023,Purchase at Home Depot,4401.79,0.0,26627.48,Food
TXN00000284,ACC-758517,03/30/2023,Purchase at McDonalds,1675.6,1675.6,40790.81,Transport
TXN00000285,ACC-925464,05/26/2023,Purchase at Walmart,0.0,4778.58,11022.3,Transport
TXN00000286,ACC-131528,01/12/2025,Purchase at Lyft,3127.0,0.0,43672.0,Food
TXN00000287,ACC-695233,11/12/2023,Purchase at Amazon,2963.11,2963.11,2762.63,Transport
TXN00000288,ACC-255985,03/31/2024,Purchase at Costco,2767.69,0.0,18289.02,Food
TXN00000289,ACC-724274,10/15/2025,Purchase at Home Depot,3132.75,0.0,27283.2,Bills
TXN00000290,ACC-892916,08/16/2025,Purchase at McDonalds,2756.92,0.0,41170.45,Transport
TXN00000291,ACC-858376,08/23/2024,Purchase at Target,0.0,0.0,40585.46,Bills
TXN00000292,ACC-223771,06/16/2024,Purchase at Netflix,1279.4,0.0,10298.71,Bills
TXN00000293,ACC-422146,05/13/2023,Purchase at Starbucks,1911.24,0.0,28075.94,Shopping
TXN00000294,ACC-243078,11/01/2025,Purchase at Home Depot,3131.58,3131.58,42226.73,Entertainment
TXN00000295,ACC-369503,01/10/2023,Purchase at Netflix,0.0,0.0,11313.32,Food
TXN00000296,ACC-741874,08/26/2023,Purchase at Walmart,2896.43,0.0,29748.63,Transport
TXN00000297,ACC-422146,01/03/2023,Purchase at Apple,3128.62,3128.62,47994.18,Food
TXN00000298,ACC-526807,12/16/2023,Purchase at Apple,0.0,0.0,8721.54,Entertainment
TXN00000299,ACC-924019,12/01/2025,Purchase at Starbucks,711.28,0.0,38228.27,Food
TXN00000300,ACC-281952,02/12/2025,Purchase at Uber,0.0,0.0,20719.35,Transport
TXN00000301,ACC-623237,12/13/2025,Purchase at Shell,2598.61,2598.61,44608.78,Bills
TXN00000302,ACC-724274,02/06/2024,Purchase at Apple,0.0,0.0,16346.69,Shopping
TXN00000303,ACC-443561,11/22/2023,Purchase at Target,2379.68,0.0,30248.49,Food
TXN00000304,ACC-977371,12/29/2025,Purchase at Costco,1801.26,1801.26,21866.11,Shopping
TXN00000305,ACC-146029,08/31/2023,Purchase at McDonalds,0.0,0.0,35870.71,Bills
TXN00000306,ACC-868510,08/06/2023,Purchase at Costco,0.0,0.0,3405.68,Food
TXN00000307,ACC-782354,07/26/2023,Purchase at Shell,4160.41,0.0,42923.74,Shopping
TXN00000308,ACC-831873,12/12/2025,Purchase at Walmart,2755.02,0.0,3132.4,Shopping
TXN00000309,ACC-558221,01/29/2025,Purchase at Costco,957.41,0.0,29806.35,Bills
TXN00000310,ACC-388502,07/19/2023,Purchase at Starbucks,2961.33,0.0,42531.03,Transport
TXN00000311,ACC-535187,03/28/2025,Purchase at Apple,4060.8,0.0,7571.55,Food
TXN00000312,ACC-690827,12/18/2025,Purchase at Lyft,901.18,901.18,23692.43,Bills
TXN00000313,ACC-774444,02/12/2024,Purchase at Netflix,0.0,0.0,44958.92,Food
TXN00000314,ACC-553402,06/07/2024,Purchase at Apple,0.0,64.11,31540.77,Food
TXN00000315,ACC-161449,07/13/2023,Purchase at Costco,0.0,823.88,15254.24,Entertainment
TXN00000316,ACC-449071,07/09/2023,Purchase at Home Depot,4429.91,4429.91,14064.47,Shopping
TXN00000317,ACC-535910,08/30/2024,Purchase at Target,2322.75,0.0,11442.71,Entertainment
TXN00000318,ACC-331820,02/13/2023,Purchase at Walmart,79.48,0.0,36144.91,Entertainment
TXN00000319,ACC-868510,05/06/2023,Purchase at Starbucks,0.0,0.0,33497.7,Transport
TXN00000320,ACC-930481,03/07/2025,Purchase at McDonalds,0.0,132.62,35290.64,Food
TXN00000321,ACC-417997,07/02/2024,Purchase at McDonalds,2010.28,0.0,33882.86,Transport
TXN00000322,ACC-275338,12/05/2025,Purchase at Apple,0.0,0.0,26401.44,Food
TXN00000323,ACC-855058,03/16/2025,Purchase at Uber,0.0,0.0,13093.36,Shopping
TXN00000324,ACC-983238,09/25/2024,Purchase at Apple,2200.23,2200.23,39648.6,Entertainment
TXN00000325,ACC-173473,04/06/2025,Purchase at Target,0.0,0.0,4181.84,Food
TXN00000326,ACC-377546,08/26/2024,Purchase at Walmart,2921.48,0.0,43280.34,Food
TXN00000327,ACC-275338,04/25/2023,Purchase at Home Depot,313.62,0.0,41279.53,Bills
TXN00000328,ACC-892916,01/13/2025,Purchase at Netflix,671.74,0.0,25923.07,Shopping
TXN00000329,ACC-331820,09/16/2024,Purchase at Apple,0.0,0.0,18626.2,Bills
TXN00000330,ACC-930511,10/12/2024,Purchase at McDonalds,4158.68,0.0,45388.75,Shopping
TXN00000331,ACC-546955,03/09/2025,Purchase at McDonalds,1578.32,0.0,38766.43,Food
TXN00000332,ACC-570928,10/09/2025,Purchase at Amazon,0.0,0.0,1375.79,Shopping
TXN00000333,ACC-673758,01/22/2025,Purchase at Uber,2834.02,0.0,40511.66,Bills
TXN00000334,ACC-486492,10/09/2023,Purchase at Shell,4357.12,4357.12,1899.72,Transport
TXN00000335,ACC-280565,11/17/2025,Purchase at Lyft,0.0,3990.69,26028.22,Food
TXN00000336,ACC-911799,11/23/2025,Purchase at Home Depot,3800.24,0.0,41046.66,Transport
TXN00000337,ACC-133183,10/12/2025,Purchase at Netflix,806.1,806.1,43459.97,Food
TXN00000338,ACC-724274,03/20/2024,Purchase at Amazon,1095.78,1095.78,2848.25,Bills
TXN00000339,ACC-904793,09/25/2024,Purchase at Home Depot,1724.13,0.0,33238.81,Food
TXN00000340,ACC-223771,11/25/2024,Purchase at McDonalds,212.86,212.86,41787.54,Bills
TXN00000341,ACC-635067,04/06/2023,Purchase at Uber,3363.19,3363.19,34268.7,Bills
TXN00000342,ACC-503435,03/11/2025,Purchase at Costco,35.68,0.0,38998.18,Entertainment
TXN00000343,ACC-161449,12/04/2025,Purchase at McDonalds,3825.45,0.0,27268.76,Bills
TXN00000344,ACC-408161,04/29/2025,Purchase at Walmart,4547.03,4547.03,47702.27,Bills
TXN00000345,ACC-403595,07/26/2025,Purchase at Shell,0.0,0.0,46185.39,Entertainment
TXN00000346,ACC-911799,02/26/2025,Purchase at Uber,0.0,0.0,35512.14,Entertainment
TXN00000347,ACC-262868,06/30/2023,Purchase at Lyft,2721.42,2721.42,7343.8,Shopping
TXN00000348,ACC-869271,08/25/2025,Purchase at Amazon,3761.47,0.0,40329.61,Bills
TXN00000349,ACC-367037,05/30/2025,Purchase at Target,0.0,0.0,26946.59,Entertainment
TXN00000350,ACC-105554,12/27/2025,Purchase at Lyft,4374.11,0.0,26071.45,Entertainment
TXN00000351,ACC-643228,08/20/2023,Purchase at Uber,0.0,0.0,22192.78,Shopping
TXN00000352,ACC-413822,12/11/2023,Purchase at Amazon,0.0,1494.73,31359.25,Entertainment
TXN00000353,ACC-930481,12/24/2023,Purchase at Netflix,2760.98,0.0,-500.0,Shopping
TXN00000354,ACC-907144,08/30/2025,Purchase at Netflix,885.32,0.0,39873.23,Bills
TXN00000355,ACC-985357,11/29/2023,Purchase at Apple,1079.1,1079.1,-500.0,Entertainment
TXN00000356,ACC-357024,08/30/2024,Purchase at Starbucks,1593.21,0.0,40272.45,Transport
TXN00000357,ACC-782354,03/28/2023,Purchase at Uber,4175.67,0.0,19658.12,Bills
TXN00000358,ACC-234312,01/21/2024,Purchase at Amazon,4011.07,0.0,46631.97,Entertainment
TXN00000359,ACC-902347,10/22/2025,Purchase at Starbucks,4351.98,0.0,23535.89,Entertainment
TXN00000360,ACC-570928,03/23/2023,Purchase at Costco,464.27,0.0,36589.68,Transport
TXN00000361,ACC-902347,05/22/2023,Purchase at Amazon,1989.78,0.0,29956.62,Transport
TXN00000362,ACC-588206,12/04/2024,Purchase at Shell,0.0,0.0,38375.37,Shopping
TXN00000363,ACC-588206,02/21/2025,Purchase at Lyft,0.0,0.0,19031.41,Bills
TXN00000364,ACC-420186,11/13/2023,Purchase at Target,0.0,1865.43,16306.17,Entertainment
TXN00000365,ACC-345031,02/14/2023,Purchase at Shell,0.0,1061.35,37342.07,Bills
TXN00000366,ACC-955604,07/23/2025,Purchase at Target,0.0,0.0,8056.53,Shopping
TXN00000367,ACC-280565,10/16/2023,Purchase at Costco,967.3,0.0,24340.56,Shopping
TXN00000368,ACC-722897,07/08/2024,Purchase at McDonalds,3057.06,0.0,10623.04,Transport
TXN00000369,ACC-744609,08/02/2024,Purchase at Target,1468.4,0.0,30414.0,Entertainment
TXN00000370,ACC-403711,09/02/2025,Purchase at Lyft,2207.1,0.0,17553.51,Shopping
TXN00000371,ACC-892916,03/18/2025,Purchase at Starbucks,2746.17,0.0,29297.68,Shopping
TXN00000372,ACC-535910,03/01/2025,Purchase at Netflix,1211.14,0.0,31037.65,Entertainment
TXN00000373,ACC-341582,10/23/2023,Purchase at Target,1993.16,0.0,44301.05,Shopping
TXN00000374,ACC-204988,12/22/2025,Purchase at McDonalds,0.0,0.0,3864.0,Shopping
TXN00000375,ACC-907869,06/22/2025,Purchase at Starbucks,3326.03,0.0,10243.47,Bills
TXN00000376,ACC-974589,02/07/2023,Purchase at Costco,0.0,0.0,42701.96,Transport
TXN00000377,ACC-535910,04/23/2023,Purchase at McDonalds,4744.83,0.0,26335.78,Bills
TXN00000378,ACC-607799,12/24/2023,Purchase at Amazon,3913.94,0.0,33401.61,Shopping
TXN00000379,ACC-584250,10/23/2023,Purchase at Walmart,2017.8,2017.8,20644.74,Food
TXN00000380,ACC-914586,08/21/2023,Purchase at Shell,0.0,4287.93,15007.14,Food
TXN00000381,ACC-412271,09/14/2023,Purchase at Lyft,3561.75,0.0,24472.03,Food
TXN00000382,ACC-765210,11/08/2025,Purchase at McDonalds,2151.42,2151.42,32130.58,Bills
TXN00000383,ACC-111405,07/29/2023,Purchase at Apple,0.0,0.0,17821.87,Transport
TXN00000384,ACC-623888,11/16/2024,Purchase at Shell,185.93,185.93,19689.07,Food
TXN00000385,ACC-626521,02/05/2025,Purchase at Shell,0.0,0.0,36910.34,Shopping
TXN00000386,ACC-345031,02/05/2024,Purchase at Shell,0.0,0.0,7408.9,Transport
TXN00000387,ACC-623888,06/19/2023,Purchase at Costco,3583.29,0.0,3463.27,Food
TXN00000388,ACC-681045,03/07/2023,Purchase at Home Depot,2594.68,0.0,22420.73,Shopping
TXN00000389,ACC-307115,09/22/2025,Purchase at Costco,0.0,0.0,7909.12,Transport
TXN00000390,ACC-280565,09/18/2023,Purchase at Lyft,342.39,342.39,39704.76,Transport
TXN00000391,ACC-992495,06/21/2024,Purchase at Uber,4059.04,0.0,25891.77,Food
TXN00000392,ACC-907144,10/15/2025,Purchase at Costco,0.0,0.0,22931.21,Shopping
TXN00000393,ACC-982141,10/18/2023,Purchase at Apple,0.0,0.0,23578.88,Transport
TXN00000394,ACC-851793,12/11/2025,Purchase at Starbucks,1962.47,0.0,30916.85,Food
TXN00000395,ACC-990145,02/27/2023,Purchase at Uber,0.0,0.0,48695.55,Bills
TXN00000396,ACC-495963,11/10/2024,Purchase at Netflix,1455.78,0.0,29717.59,Bills
TXN00000397,ACC-989930,09/07/2024,Purchase at McDonalds,1340.3,0.0,4564.28,Entertainment
TXN00000398,ACC-695233,03/29/2023,Purchase at Uber,3436.97,0.0,29502.52,Entertainment
TXN00000399,ACC-408161,06/13/2023,Purchase at Target,0.0,2578.85,37718.74,Shopping
TXN00000400,ACC-695233,11/05/2025,Purchase at Shell,0.0,0.0,14304.96,Shopping
TXN00000401,ACC-505477,11/10/2024,Purchase at Target,3575.69,0.0,560.52,Entertainment
TXN00000402,ACC-762254,01/31/2025,Purchase at Walmart,2491.3,0.0,10679.28,Transport
TXN00000403,ACC-435977,05/10/2024,Purchase at Starbucks,133.89,0.0,37474.57,Transport
TXN00000404,ACC-419940,12/25/2025,Purchase at Starbucks,4775.71,0.0,11352.27,Food
TXN00000405,ACC-369503,04/20/2024,Purchase at Netflix,702.5,0.0,40644.58,Transport
TXN00000406,ACC-369545,09/12/2025,Purchase at Costco,0.0,0.0,17471.29,Transport
TXN00000407,ACC-495963,07/22/2024,Purchase at Shell,4427.36,0.0,27503.6,Transport
TXN00000408,ACC-341582,06/13/2023,Purchase at Target,4557.75,0.0,47131.86,Entertainment
TXN00000409,ACC-173473,12/11/2023,Purchase at Home Depot,0.0,0.0,6414.63,Food
TXN00000410,ACC-218532,08/15/2025,Purchase at Amazon,3842.03,0.0,3395.45,Bills
TXN00000411,ACC-482567,01/17/2024,Purchase at Starbucks,0.0,0.0,17505.52,Bills
TXN00000412,ACC-680000,05/23/2023,Purchase at Walmart,0.0,4818.87,40509.38,Bills
TXN00000413,ACC-403711,03/26/2023,Purchase at Target,0.0,0.0,15135.87,Entertainment
TXN00000414,ACC-546955,07/26/2024,Purchase at McDonalds,4430.3,0.0,11079.42,Food
TXN00000415,ACC-442211,12/10/2024,Purchase at Netflix,73.8,0.0,24073.51,Bills
TXN00000416,ACC-985357,08/27/2025,Purchase at Shell,0.0,3475.58,31875.32,Entertainment
TXN00000417,ACC-357024,01/14/2023,Purchase at Target,0.0,0.0,40797.76,Entertainment
TXN00000418,ACC-204988,05/25/2024,Purchase at McDonalds,156.02,0.0,44597.09,Shopping
TXN00000419,ACC-822042,10/02/2024,Purchase at Uber,210.24,210.24,36830.01,Food
TXN00000420,ACC-914586,07/01/2024,Purchase at Costco,3315.48,0.0,12364.28,Bills
TXN00000421,ACC-992495,02/24/2023,Purchase at Target,0.0,1667.22,6476.05,Entertainment
TXN00000422,ACC-727751,01/09/2023,Purchase at Amazon,221.72,221.72,6827.51,Food
TXN00000423,ACC-558221,03/29/2023,Purchase at Netflix,3749.25,0.0,18288.32,Food
TXN00000424,ACC-131528,05/19/2025,Purchase at McDonalds,0.0,0.0,41871.9,Food
TXN00000425,ACC-460890,01/07/2024,Purchase at Starbucks,2351.35,0.0,44897.92,Entertainment
TXN00000426,ACC-673758,09/24/2025,Purchase at Costco,609.76,0.0,21226.36,Food
TXN00000427,ACC-779099,10/26/2025,Purchase at Shell,2654.73,0.0,2417.15,Bills
TXN00000428,ACC-173473,02/10/2023,Purchase at Costco,606.48,0.0,8109.61,Shopping
TXN00000429,ACC-275439,02/13/2024,Purchase at Target,79.03,0.0,47585.23,Shopping
TXN00000430,ACC-868510,05/25/2025,Purchase at Uber,4574.52,0.0,31967.63,Shopping
TXN00000431,ACC-851793,05/01/2025,Purchase at McDonalds,1908.58,0.0,46652.31,Shopping
TXN00000432,ACC-570928,10/31/2025,Purchase at Starbucks,0.0,1390.99,45247.92,Food
TXN00000433,ACC-537695,06/27/2025,Purchase at Starbucks,0.0,0.0,-500.0,Food
TXN00000434,ACC-722897,01/01/2024,Purchase at Costco,1202.02,1202.02,42430.49,Entertainment
TXN00000435,ACC-228984,12/03/2023,Purchase at Lyft,2404.92,0.0,10849.31,Transport
TXN00000436,ACC-612959,07/19/2024,Purchase at Walmart,578.92,0.0,23360.08,Bills
TXN00000437,ACC-369545,04/14/2023,Purchase at Amazon,0.0,0.0,4771.17,Food
TXN00000438,ACC-990145,07/03/2024,Purchase at Apple,814.23,814.23,11154.71,Transport
TXN00000439,ACC-388502,06/24/2023,Purchase at Starbucks,0.0,0.0,29647.65,Bills
TXN00000440,ACC-228984,10/17/2024,Purchase at Home Depot,431.89,0.0,26522.07,Food
TXN00000441,ACC-983238,11/24/2024,Purchase at Apple,2491.88,0.0,10993.51,Entertainment
TXN00000442,ACC-228984,10/06/2023,Purchase at Costco,3677.26,0.0,27106.43,Shopping
TXN00000443,ACC-129270,10/16/2024,Purchase at Amazon,0.0,4664.19,27312.84,Transport
TXN00000444,ACC-803431,09/02/2024,Purchase at Walmart,4939.91,0.0,30998.85,Transport
TXN00000445,ACC-796819,10/23/2024,Purchase at Apple,0.0,0.0,40590.79,Bills
TXN00000446,ACC-403711,05/17/2023,Purchase at Amazon,3305.86,3305.86,2688.99,Shopping
TXN00000447,ACC-503435,01/12/2024,Purchase at Apple,2432.47,2432.47,2384.24,Transport
TXN00000448,ACC-738254,09/11/2025,Purchase at Apple,3236.78,0.0,46250.85,Entertainment
TXN00000449,ACC-243078,06/08/2025,Purchase at Home Depot,0.0,3747.84,-500.0,Bills
TXN00000450,ACC-322191,07/25/2023,Purchase at Walmart,1921.73,0.0,9750.11,Entertainment
TXN00000451,ACC-553402,09/11/2025,Purchase at Shell,3531.01,0.0,18371.76,Transport
TXN00000452,ACC-822042,02/10/2024,Purchase at Home Depot,1609.56,1609.56,13461.66,Transport
TXN00000453,ACC-476547,07/13/2023,Purchase at Netflix,2040.9,2040.9,24005.86,Bills
TXN00000454,ACC-849491,10/11/2024,Purchase at Lyft,0.0,0.0,19411.33,Shopping
TXN00000455,ACC-990239,05/02/2025,Purchase at Uber,863.54,0.0,8081.98,Shopping
TXN00000456,ACC-724274,02/10/2024,Purchase at Shell,273.3,0.0,35544.38,Bills
TXN00000457,ACC-927811,05/18/2024,Purchase at Starbucks,4929.21,0.0,36092.17,Food
TXN00000458,ACC-626369,08/17/2024,Purchase at Netflix,4214.22,4214.22,4729.42,Entertainment
TXN00000459,ACC-985357,12/02/2023,Purchase at Apple,2203.82,0.0,22403.09,Transport
TXN00000460,ACC-420186,01/20/2024,Purchase at Target,2915.15,0.0,46973.87,Food
TXN00000461,ACC-722897,10/02/2025,Purchase at Apple,431.05,431.05,11682.42,Food
TXN00000462,ACC-549152,06/13/2025,Purchase at Walmart,4358.74,0.0,37964.46,Shopping
TXN00000463,ACC-927811,10/25/2025,Purchase at Starbucks,3067.1,3067.1,39723.84,Food
TXN00000464,ACC-341582,05/01/2023,Purchase at Lyft,1139.08,0.0,14176.18,Entertainment
TXN00000465,ACC-436305,06/13/2023,Purchase at Walmart,4578.63,0.0,41815.72,Entertainment
TXN00000466,ACC-882636,06/09/2023,Purchase at Uber,0.0,0.0,46982.42,Shopping
TXN00000467,ACC-466067,05/11/2025,Purchase at Starbucks,2242.0,2242.0,36705.88,Shopping
TXN00000468,ACC-442211,02/03/2025,Purchase at Home Depot,4447.55,0.0,10205.16,Bills
TXN00000469,ACC-360925,09/25/2024,Purchase at Apple,3801.16,0.0,31661.9,Entertainment
TXN00000470,ACC-779099,09/01/2023,Purchase at Uber,0.0,0.0,37817.04,Entertainment
TXN00000471,ACC-228984,09/26/2023,Purchase at Home Depot,4715.63,0.0,28544.91,Entertainment
TXN00000472,ACC-311638,05/25/2023,Purchase at Target,2903.67,0.0,31040.06,Food
TXN00000473,ACC-442211,11/20/2023,Purchase at Home Depot,4219.73,0.0,22924.14,Food
TXN00000474,ACC-459411,05/19/2025,Purchase at Home Depot,4059.32,0.0,46051.36,Shopping
TXN00000475,ACC-765210,07/10/2025,Purchase at Apple,2121.67,0.0,45476.14,Bills
TXN00000476,ACC-937809,11/04/2025,Purchase at Amazon,0.0,0.0,2182.69,Bills
TXN00000477,ACC-727277,05/23/2024,Purchase at Apple,0.0,0.0,28513.63,Shopping
TXN00000478,ACC-526807,12/26/2023,Purchase at McDonalds,3456.37,0.0,40888.15,Bills
TXN00000479,ACC-443561,01/23/2025,Purchase at Starbucks,3224.23,3224.23,37299.72,Shopping
TXN00000480,ACC-234312,03/06/2024,Purchase at Target,0.0,4974.96,32090.34,Entertainment
TXN00000481,ACC-649302,12/09/2023,Purchase at Lyft,2802.73,0.0,49165.25,Transport
TXN00000482,ACC-588206,10/20/2025,Purchase at McDonalds,1669.01,1669.01,25847.34,Entertainment
TXN00000483,ACC-727751,05/21/2023,Purchase at Home Depot,160.38,0.0,1002.62,Transport
TXN00000484,ACC-948357,12/09/2024,Purchase at Home Depot,0.0,0.0,15033.3,Food
TXN00000485,ACC-549152,07/19/2025,Purchase at Amazon,1552.1,0.0,14620.78,Bills
TXN00000486,ACC-537695,11/21/2023,Purchase at Starbucks,3516.6,0.0,41521.95,Bills
TXN00000487,ACC-768400,04/07/2023,Purchase at Uber,0.0,0.0,7493.17,Bills
TXN00000488,ACC-782354,11/01/2025,Purchase at Uber,1330.72,0.0,24877.89,Food
TXN00000489,ACC-369517,07/26/2023,Purchase at Shell,714.24,0.0,22716.65,Food
TXN00000490,ACC-360925,08/10/2025,Purchase at Walmart,384.04,384.04,39408.75,Entertainment
TXN00000491,ACC-681045,04/03/2023,Purchase at Apple,794.33,0.0,43387.34,Entertainment
TXN00000492,ACC-422146,06/11/2023,Purchase at Costco,0.0,0.0,32568.45,Food
TXN00000493,ACC-739572,02/27/2025,Purchase at Walmart,4594.28,0.0,23947.25,Shopping
TXN00000494,ACC-937809,06/09/2024,Purchase at Walmart,0.0,0.0,17599.81,Shopping
TXN00000495,ACC-427036,02/27/2024,Purchase at Shell,4791.71,4791.71,39793.75,Shopping
TXN00000496,ACC-553402,04/21/2025,Purchase at McDonalds,0.0,0.0,19401.42,Transport
TXN00000497,ACC-803431,03/29/2025,Purchase at Shell,0.0,0.0,15080.67,Transport
TXN00000498,ACC-764042,01/03/2023,Purchase at Walmart,4236.19,4236.19,18611.67,Bills
TXN00000499,ACC-422146,06/10/2025,Purchase at Uber,4035.52,0.0,39096.93,Bills
TXN00000500,ACC-927811,03/01/2024,Purchase at Starbucks,0.0,0.0,7910.34,Shopping
TXN00000501,ACC-435977,05/13/2023,Purchase at Lyft,1374.26,1374.26,-500.0,Entertainment
TXN00000502,ACC-626521,12/20/2024,Purchase at Home Depot,982.48,0.0,14225.72,Bills
TXN00000503,ACC-681045,06/11/2024,Purchase at Lyft,767.93,0.0,39093.21,Transport
TXN00000504,ACC-403595,03/12/2023,Purchase at Starbucks,429.9,0.0,43348.4,Bills
TXN00000505,ACC-311638,04/27/2024,Purchase at Netflix,0.0,0.0,1780.84,Entertainment
TXN00000506,ACC-893568,02/05/2023,Purchase at Shell,0.0,0.0,49694.09,Transport
TXN00000507,ACC-898355,11/07/2023,Purchase at Lyft,0.0,0.0,19856.16,Shopping
TXN00000508,ACC-616691,05/27/2025,Purchase at Shell,671.34,0.0,6000.58,Entertainment
TXN00000509,ACC-584250,08/10/2023,Purchase at Target,4893.06,0.0,38759.67,Food
TXN00000510,ACC-546955,05/04/2024,Purchase at Netflix,0.0,866.77,46220.14,Entertainment
TXN00000511,ACC-766487,10/08/2025,Purchase at Uber,0.0,0.0,6556.1,Entertainment
TXN00000512,ACC-549152,06/24/2023,Purchase at Walmart,3101.23,0.0,45824.03,Transport
TXN00000513,ACC-482567,09/09/2023,Purchase at Costco,1632.03,0.0,4574.75,Shopping
TXN00000514,ACC-435977,07/31/2025,Purchase at Home Depot,0.0,0.0,18025.43,Food
TXN00000515,ACC-803431,02/27/2023,Purchase at Uber,0.0,4647.87,22592.24,Bills
TXN00000516,ACC-546955,12/25/2025,Purchase at Lyft,2753.51,2753.51,27040.06,Transport
TXN00000517,ACC-586813,07/18/2023,Purchase at McDonalds,0.0,2737.45,24666.28,Transport
TXN00000518,ACC-328970,06/18/2025,Purchase at Costco,0.0,0.0,11276.29,Transport
TXN00000519,ACC-970793,06/05/2025,Purchase at Costco,794.43,0.0,36389.49,Bills
TXN00000520,ACC-413822,05/29/2024,Purchase at Walmart,0.0,0.0,46726.28,Bills
TXN00000521,ACC-262868,12/12/2024,Purchase at Uber,0.0,1401.29,14510.13,Food
TXN00000522,ACC-821280,07/04/2024,Purchase at Walmart,0.0,0.0,15327.59,Food
TXN00000523,ACC-572072,12/17/2024,Purchase at Costco,0.0,913.35,6845.86,Shopping
TXN00000524,ACC-948357,04/20/2024,Purchase at Starbucks,2688.48,2688.48,47551.9,Shopping
TXN00000525,ACC-924019,07/09/2025,Purchase at Apple,3767.71,0.0,24957.95,Entertainment
TXN00000526,ACC-105554,07/11/2025,Purchase at Amazon,1611.9,0.0,17640.71,Food
TXN00000527,ACC-546955,01/19/2024,Purchase at Amazon,4694.37,0.0,22705.52,Food
TXN00000528,ACC-460890,09/01/2025,Purchase at Target,0.0,2740.17,48346.8,Bills
TXN00000529,ACC-555250,05/01/2024,Purchase at Amazon,4628.32,0.0,7108.7,Food
TXN00000530,ACC-345031,11/07/2025,Purchase at Target,0.0,0.0,25360.29,Food
TXN00000531,ACC-779099,12/17/2023,Purchase at Amazon,4488.25,4488.25,-500.0,Food
TXN00000532,ACC-482567,07/14/2024,Purchase at Target,0.0,0.0,13331.65,Entertainment
TXN00000533,ACC-681581,09/30/2025,Purchase at Uber,0.0,0.0,29220.08,Transport
TXN00000534,ACC-422146,12/10/2023,Purchase at Target,78.28,0.0,39999.27,Shopping
TXN00000535,ACC-442211,11/15/2025,Purchase at Netflix,0.0,0.0,34719.41,Shopping
TXN00000536,ACC-990239,03/11/2023,Purchase at Costco,0.0,2156.62,2933.69,Food
TXN00000537,ACC-419940,03/07/2023,Purchase at Amazon,0.0,0.0,5653.71,Food
TXN00000538,ACC-681581,11/02/2024,Purchase at Target,0.0,4481.27,25749.62,Entertainment
TXN00000539,ACC-983238,11/28/2023,Purchase at Lyft,0.0,0.0,47330.39,Food
TXN00000540,ACC-695233,11/10/2025,Purchase at McDonalds,3230.94,0.0,1566.03,Entertainment
TXN00000541,ACC-803431,08/16/2024,Purchase at Uber,0.0,2284.13,39073.12,Food
TXN00000542,ACC-690827,04/25/2024,Purchase at McDonalds,0.0,0.0,36172.76,Transport
TXN00000543,ACC-535571,02/13/2023,Purchase at Walmart,0.0,0.0,21590.63,Shopping
TXN00000544,ACC-143582,04/14/2024,Purchase at Home Depot,0.0,0.0,34413.01,Bills
TXN00000545,ACC-948357,10/01/2025,Purchase at Walmart,2132.52,0.0,49740.77,Transport
TXN00000546,ACC-765210,11/26/2024,Purchase at Lyft,4109.24,0.0,38062.88,Shopping
TXN00000547,ACC-413822,09/10/2024,Purchase at Apple,3938.41,0.0,3054.85,Bills
TXN00000548,ACC-681045,04/07/2023,Purchase at Costco,4061.49,4061.49,40830.98,Shopping
TXN00000549,ACC-510420,08/20/2025,Purchase at Target,0.0,3127.95,17251.25,Food
TXN00000550,ACC-855058,06/07/2025,Purchase at McDonalds,0.0,0.0,49179.57,Shopping
TXN00000551,ACC-262868,02/07/2025,Purchase at Walmart,0.0,0.0,42983.78,Food
TXN00000552,ACC-535571,10/21/2025,Purchase at Uber,2610.14,0.0,30071.79,Food
TXN00000553,ACC-417997,10/28/2024,Purchase at Lyft,3550.12,3550.12,10661.8,Bills
TXN00000554,ACC-495963,09/03/2023,Purchase at Starbucks,0.0,1528.05,22802.28,Shopping
TXN00000555,ACC-744609,07/10/2023,Purchase at Uber,3722.61,0.0,41375.94,Food
TXN00000556,ACC-369517,01/07/2024,Purchase at Starbucks,2776.6,2776.6,19529.71,Shopping
TXN00000557,ACC-535910,10/05/2024,Purchase at Walmart,4115.35,0.0,32988.55,Food
TXN00000558,ACC-403711,11/07/2024,Purchase at Shell,0.0,0.0,6083.08,Shopping
TXN00000559,ACC-921024,03/25/2023,Purchase at Lyft,2895.97,2895.97,30321.26,Shopping
TXN00000560,ACC-311021,08/03/2024,Purchase at Uber,0.0,0.0,30610.43,Food
TXN00000561,ACC-924019,10/29/2024,Purchase at McDonalds,2082.58,2082.58,27021.29,Transport
TXN00000562,ACC-739572,08/21/2025,Purchase at Uber,429.71,429.71,-500.0,Shopping
TXN00000563,ACC-955604,04/09/2023,Purchase at Apple,1189.03,0.0,41024.28,Entertainment
TXN00000564,ACC-435977,11/22/2025,Purchase at Walmart,0.0,0.0,3340.63,Food
TXN00000565,ACC-646438,02/06/2023,Purchase at Shell,1848.26,0.0,1761.16,Bills
TXN00000566,ACC-417997,07/10/2024,Purchase at Shell,2494.45,0.0,10187.12,Transport
TXN00000567,ACC-766487,06/09/2025,Purchase at McDonalds,4338.7,0.0,44277.14,Transport
TXN00000568,ACC-623888,08/06/2023,Purchase at Target,4777.34,0.0,-500.0,Food
TXN00000569,ACC-927811,02/08/2025,Purchase at Home Depot,4612.53,4612.53,3416.83,Entertainment
TXN00000570,ACC-927811,02/16/2023,Purchase at Apple,4077.53,0.0,23479.67,Bills
TXN00000571,ACC-803431,11/17/2024,Purchase at Netflix,864.84,864.84,37160.43,Entertainment
TXN00000572,ACC-738254,08/06/2025,Purchase at McDonalds,0.0,0.0,5220.82,Food
TXN00000573,ACC-459411,09/29/2024,Purchase at Target,0.0,0.0,39267.9,Food
TXN00000574,ACC-639696,12/07/2024,Purchase at Uber,4713.97,0.0,25099.27,Transport
TXN00000575,ACC-851793,09/09/2024,Purchase at Apple,4372.69,0.0,17966.4,Entertainment
TXN00000576,ACC-436305,02/06/2023,Purchase at Walmart,2868.67,0.0,13599.36,Entertainment
TXN00000577,ACC-307115,09/07/2024,Purchase at Starbucks,1518.3,0.0,32633.69,Shopping
TXN00000578,ACC-537695,05/19/2024,Purchase at Netflix,2105.6,0.0,40926.11,Transport
TXN00000579,ACC-911799,04/06/2025,Purchase at McDonalds,241.72,0.0,35227.71,Shopping
TXN00000580,ACC-427036,05/07/2024,Purchase at Walmart,71.51,0.0,24300.41,Entertainment
TXN00000581,ACC-914586,12/11/2024,Purchase at Netflix,0.0,0.0,14233.99,Food
TXN00000582,ACC-892916,06/11/2025,Purchase at Costco,2753.76,0.0,31384.94,Entertainment
TXN00000583,ACC-706716,10/27/2023,Purchase at Apple,0.0,0.0,21048.81,Transport
TXN00000584,ACC-280565,01/03/2025,Purchase at Target,3231.04,3231.04,23325.06,Bills
TXN00000585,ACC-591194,10/31/2025,Purchase at Walmart,1717.21,1717.21,39751.8,Bills
TXN00000586,ACC-307115,06/16/2024,Purchase at Target,3278.77,0.0,44169.88,Food
TXN00000587,ACC-991069,02/19/2024,Purchase at Lyft,640.93,640.93,31573.93,Food
TXN00000588,ACC-216665,04/01/2024,Purchase at Amazon,0.0,0.0,36282.97,Bills
TXN00000589,ACC-393679,07/12/2023,Purchase at Netflix,3904.46,0.0,39919.69,Transport
TXN00000590,ACC-833835,04/06/2025,Purchase at Starbucks,388.51,388.51,42581.6,Transport
TXN00000591,ACC-796819,08/01/2025,Purchase at Shell,0.0,2778.18,25698.25,Entertainment
TXN00000592,ACC-961656,08/12/2024,Purchase at Uber,0.0,0.0,41114.48,Entertainment
TXN00000593,ACC-766487,08/14/2025,Purchase at Walmart,4756.25,4756.25,30770.45,Food
TXN00000594,ACC-558221,06/07/2025,Purchase at Netflix,805.75,0.0,23584.4,Food
TXN00000595,ACC-741874,11/15/2024,Purchase at Shell,4159.26,0.0,41256.88,Food
TXN00000596,ACC-331820,01/01/2024,Purchase at Walmart,1839.02,1839.02,44433.23,Transport
TXN00000597,ACC-506425,05/29/2023,Purchase at Uber,390.69,390.69,35018.52,Shopping
TXN00000598,ACC-722897,03/06/2025,Purchase at Uber,4477.63,0.0,17519.23,Bills
TXN00000599,ACC-706716,09/09/2023,Purchase at Home Depot,0.0,512.99,48771.08,Bills
TXN00000600,ACC-894446,06/29/2025,Purchase at Shell,3160.67,0.0,40604.15,Transport
TXN00000601,ACC-924019,09/25/2023,Purchase at Target,0.0,237.49,11933.09,Bills
TXN00000602,ACC-586813,03/20/2024,Purchase at Lyft,1556.26,0.0,42700.13,Shopping
TXN00000603,ACC-681045,07/13/2025,Purchase at Lyft,3113.21,0.0,3770.04,Shopping
TXN00000604,ACC-243078,01/18/2023,Purchase at Uber,809.3,0.0,36409.04,Bills
TXN00000605,ACC-546955,09/15/2023,Purchase at Amazon,3153.14,0.0,39542.98,Food
TXN00000606,ACC-833835,05/17/2024,Purchase at Walmart,0.0,4174.92,43485.91,Food
TXN00000607,ACC-673758,03/15/2023,Purchase at Amazon,1312.79,1312.79,46214.04,Shopping
TXN00000608,ACC-907144,12/31/2025,Purchase at McDonalds,4492.51,4492.51,10411.69,Entertainment
TXN00000609,ACC-905809,01/07/2024,Purchase at Target,3428.54,0.0,26700.25,Entertainment
TXN00000610,ACC-255985,12/08/2023,Purchase at Shell,3002.5,3002.5,13759.0,Entertainment
TXN00000611,ACC-422146,04/18/2025,Purchase at Uber,2459.09,0.0,18166.43,Bills
TXN00000612,ACC-954823,12/22/2024,Purchase at Uber,1560.03,0.0,5450.67,Bills
TXN00000613,ACC-146029,08/28/2024,Purchase at Shell,831.79,831.79,13450.97,Food
TXN00000614,ACC-914586,11/09/2025,Purchase at Starbucks,171.28,0.0,34194.69,Food
TXN00000615,ACC-133183,06/29/2024,Purchase at Lyft,0.0,0.0,14833.95,Bills
TXN00000616,ACC-269776,09/14/2024,Purchase at Netflix,3982.88,0.0,39025.97,Shopping
TXN00000617,ACC-461310,06/21/2024,Purchase at Target,0.0,0.0,7451.94,Entertainment
TXN00000618,ACC-558221,04/24/2023,Purchase at Apple,0.0,1897.79,29177.21,Shopping
TXN00000619,ACC-855058,04/05/2025,Purchase at Starbucks,649.11,649.11,38422.41,Transport
TXN00000620,ACC-882636,01/21/2025,Purchase at Home Depot,1613.53,0.0,7791.02,Shopping
TXN00000621,ACC-311638,03/01/2024,Purchase at Apple,0.0,0.0,41292.99,Bills
TXN00000622,ACC-269776,08/01/2025,Purchase at Netflix,0.0,0.0,30787.54,Transport
TXN00000623,ACC-345031,04/15/2023,Purchase at Home Depot,1976.29,0.0,47413.77,Entertainment
TXN00000624,ACC-681045,01/25/2024,Purchase at Netflix,436.97,0.0,34361.38,Food
TXN00000625,ACC-486492,10/18/2024,Purchase at Amazon,1054.63,0.0,15517.8,Shopping
TXN00000626,ACC-322191,11/09/2025,Purchase at Walmart,185.0,0.0,13623.54,Transport
TXN00000627,ACC-459411,04/13/2025,Purchase at Target,0.0,0.0,35458.3,Bills
TXN00000628,ACC-911799,12/29/2023,Purchase at Starbucks,0.0,0.0,6594.8,Shopping
TXN00000629,ACC-322191,12/19/2024,Purchase at Walmart,2048.26,0.0,29842.1,Bills
TXN00000630,ACC-506425,08/29/2024,Purchase at Starbucks,175.83,175.83,27432.63,Shopping
TXN00000631,ACC-307115,07/02/2023,Purchase at Target,3998.77,3998.77,45422.56,Entertainment
TXN00000632,ACC-459411,07/25/2023,Purchase at Costco,0.0,0.0,48002.19,Entertainment
TXN00000633,ACC-991069,04/24/2024,Purchase at Amazon,2870.07,0.0,32859.28,Transport
TXN00000634,ACC-881776,09/24/2024,Purchase at Walmart,825.44,0.0,45822.05,Entertainment
TXN00000635,ACC-649302,12/22/2025,Purchase at Costco,2019.88,2019.88,8649.4,Bills
TXN00000636,ACC-304789,02/07/2023,Purchase at Lyft,0.0,0.0,33329.46,Bills
TXN00000637,ACC-869947,04/18/2025,Purchase at Target,4261.83,0.0,17826.89,Food
TXN00000638,ACC-496720,01/15/2025,Purchase at Shell,454.67,454.67,8508.83,Transport
TXN00000639,ACC-173473,06/13/2024,Purchase at McDonalds,2158.83,2158.83,3546.01,Bills
TXN00000640,ACC-369545,02/16/2023,Purchase at Costco,1492.91,1492.91,9186.55,Food
TXN00000641,ACC-734170,11/07/2024,Purchase at Home Depot,1302.57,1302.57,43118.57,Shopping
TXN00000642,ACC-535187,03/23/2025,Purchase at Home Depot,814.46,0.0,39032.33,Entertainment
TXN00000643,ACC-882636,11/12/2023,Purchase at McDonalds,1586.74,0.0,40023.68,Food
TXN00000644,ACC-298290,03/13/2025,Purchase at Amazon,4082.16,4082.16,28246.75,Shopping
TXN00000645,ACC-893568,11/03/2023,Purchase at Home Depot,997.31,0.0,28172.87,Bills
TXN00000646,ACC-758517,01/30/2023,Purchase at Walmart,0.0,0.0,17355.54,Transport
TXN00000647,ACC-526807,02/05/2024,Purchase at Amazon,4775.3,0.0,37466.81,Bills
TXN00000648,ACC-436305,07/15/2023,Purchase at McDonalds,4340.8,0.0,-500.0,Bills
TXN00000649,ACC-356582,06/17/2024,Purchase at Home Depot,0.0,810.17,43810.13,Shopping
TXN00000650,ACC-506425,01/10/2023,Purchase at Apple,3103.06,0.0,30304.05,Bills
TXN00000651,ACC-345031,06/20/2023,Purchase at Amazon,2563.48,0.0,29492.06,Shopping
TXN00000652,ACC-643228,06/27/2024,Purchase at Target,3706.06,3706.06,37977.36,Entertainment
TXN00000653,ACC-612959,09/21/2024,Purchase at Apple,1542.26,1542.26,34154.23,Entertainment
TXN00000654,ACC-893568,06/08/2023,Purchase at Shell,3797.23,0.0,29644.79,Transport
TXN00000655,ACC-510420,02/13/2024,Purchase at Apple,4675.14,0.0,31613.38,Bills
TXN00000656,ACC-526807,09/23/2024,Purchase at Home Depot,3371.82,0.0,12163.82,Food
TXN00000657,ACC-902347,09/26/2024,Purchase at Apple,4888.75,0.0,15586.01,Shopping
TXN00000658,ACC-893568,10/23/2025,Purchase at Starbucks,0.0,0.0,49994.97,Bills
TXN00000659,ACC-403595,06/06/2025,Purchase at Shell,0.0,0.0,45922.95,Bills
TXN00000660,ACC-892916,05/08/2025,Purchase at Costco,2779.5,2779.5,15178.92,Bills
TXN00000661,ACC-482567,04/09/2025,Purchase at Netflix,568.55,0.0,49533.35,Transport
TXN00000662,ACC-822042,12/05/2025,Purchase at Apple,589.23,0.0,16068.11,Transport
TXN00000663,ACC-796819,10/26/2024,Purchase at Walmart,0.0,0.0,1839.95,Entertainment
TXN00000664,ACC-902347,07/02/2024,Purchase at Uber,587.0,587.0,4289.88,Food
TXN00000665,ACC-558221,06/17/2023,Purchase at Lyft,228.18,0.0,13281.2,Entertainment
TXN00000666,ACC-954823,06/12/2025,Purchase at Walmart,3433.04,0.0,14067.54,Transport
TXN00000667,ACC-459411,05/19/2023,Purchase at Target,0.0,0.0,27181.72,Shopping
TXN00000668,ACC-907869,11/08/2025,Purchase at Amazon,3747.91,3747.91,9431.86,Entertainment
TXN00000669,ACC-322191,01/31/2024,Purchase at McDonalds,2243.62,2243.62,14088.33,Shopping
TXN00000670,ACC-304789,03/01/2025,Purchase at Uber,4736.69,0.0,41282.74,Shopping
TXN00000671,ACC-369545,09/27/2023,Purchase at Amazon,3033.17,0.0,28799.71,Transport
TXN00000672,ACC-331820,08/26/2023,Purchase at Home Depot,3869.22,0.0,48829.42,Entertainment
TXN00000673,ACC-902347,09/11/2024,Purchase at Home Depot,0.0,1204.91,22253.61,Shopping
TXN00000674,ACC-612959,02/11/2023,Purchase at Home Depot,0.0,0.0,49866.92,Bills
TXN00000675,ACC-311021,10/11/2023,Purchase at Netflix,2508.56,2508.56,46194.83,Bills
TXN00000676,ACC-904793,02/14/2025,Purchase at Netflix,3461.46,0.0,14158.25,Shopping
TXN00000677,ACC-898355,07/26/2025,Purchase at Uber,0.0,4408.47,16650.4,Shopping
TXN00000678,ACC-549152,12/08/2023,Purchase at McDonalds,3165.27,3165.27,38091.65,Food
TXN00000679,ACC-100759,09/22/2023,Purchase at Costco,3997.53,3997.53,-500.0,Food
TXN00000680,ACC-858376,08/25/2025,Purchase at Netflix,0.0,0.0,36672.03,Entertainment
TXN00000681,ACC-989930,10/04/2024,Purchase at Costco,0.0,2110.25,9458.66,Transport
TXN00000682,ACC-779099,03/27/2025,Purchase at Uber,0.0,0.0,16352.28,Entertainment
TXN00000683,ACC-218532,12/24/2023,Purchase at Home Depot,4855.13,4855.13,24996.82,Transport
TXN00000684,ACC-695233,03/13/2025,Purchase at Amazon,1340.35,0.0,46738.94,Food
TXN00000685,ACC-774444,07/09/2024,Purchase at Netflix,2920.95,2920.95,33687.63,Transport
TXN00000686,ACC-727277,10/25/2025,Purchase at Home Depot,635.39,0.0,49331.37,Food
TXN00000687,ACC-535910,04/03/2023,Purchase at Netflix,2224.09,0.0,20301.04,Transport
TXN00000688,ACC-537695,04/09/2024,Purchase at Apple,1200.2,0.0,35926.21,Transport
TXN00000689,ACC-768939,01/01/2025,Purchase at Starbucks,0.0,1724.35,24164.77,Food
TXN00000690,ACC-161449,10/05/2025,Purchase at Starbucks,4540.76,4540.76,9167.74,Shopping
TXN00000691,ACC-762254,03/23/2024,Purchase at Apple,0.0,0.0,18554.67,Food
TXN00000692,ACC-892916,03/31/2024,Purchase at Target,4199.37,0.0,44479.49,Food
TXN00000693,ACC-924019,05/19/2024,Purchase at Amazon,4153.82,0.0,12536.63,Bills
TXN00000694,ACC-990145,01/14/2025,Purchase at Netflix,2415.44,0.0,45288.29,Food
TXN00000695,ACC-255985,04/24/2024,Purchase at Costco,0.0,0.0,25326.22,Bills
TXN00000696,ACC-408161,01/13/2024,Purchase at Costco,4832.51,0.0,37534.59,Shopping
TXN00000697,ACC-623237,08/15/2024,Purchase at Lyft,1633.28,0.0,5685.28,Entertainment
TXN00000698,ACC-796819,09/03/2023,Purchase at Target,4430.89,0.0,23340.14,Bills
TXN00000699,ACC-262868,12/24/2024,Purchase at Target,0.0,0.0,37841.34,Shopping
TXN00000700,ACC-762254,07/03/2025,Purchase at Target,0.0,0.0,36482.01,Food
TXN00000701,ACC-660248,11/07/2024,Purchase at Shell,1606.57,0.0,43688.68,Bills
TXN00000702,ACC-537695,05/07/2025,Purchase at Apple,216.64,0.0,13390.88,Entertainment
TXN00000703,ACC-388502,03/28/2023,Purchase at Home Depot,2818.71,2818.71,20228.91,Bills
TXN00000704,ACC-796819,04/18/2023,Purchase at Costco,0.0,3558.65,14675.15,Entertainment
TXN00000705,ACC-616691,01/04/2023,Purchase at Amazon,3372.88,3372.88,6472.62,Entertainment
TXN00000706,ACC-570928,10/02/2024,Purchase at Lyft,0.0,0.0,31042.89,Transport
TXN00000707,ACC-535187,01/21/2023,Purchase at Costco,2548.25,2548.25,5718.83,Transport
TXN00000708,ACC-616691,01/26/2025,Purchase at Home Depot,0.0,0.0,27766.11,Entertainment
TXN00000709,ACC-765210,10/18/2025,Purchase at Home Depot,2727.75,0.0,28521.6,Transport
TXN00000710,ACC-782354,09/30/2023,Purchase at Apple,3211.08,0.0,7590.89,Entertainment
TXN00000711,ACC-955604,03/22/2025,Purchase at Costco,3314.41,3314.41,2430.18,Transport
TXN00000712,ACC-546955,04/29/2025,Purchase at Costco,4152.59,0.0,27370.73,Bills
TXN00000713,ACC-442211,03/15/2025,Purchase at Apple,0.0,0.0,35076.66,Entertainment
TXN00000714,ACC-436305,07/15/2024,Purchase at Uber,0.0,0.0,4551.89,Food
TXN00000715,ACC-238942,12/25/2023,Purchase at Shell,833.22,0.0,1229.28,Food
TXN00000716,ACC-925464,10/09/2025,Purchase at Target,233.27,0.0,42786.65,Food
TXN00000717,ACC-328970,01/04/2024,Purchase at Apple,3658.92,0.0,8332.47,Shopping
TXN00000718,ACC-990239,10/29/2023,Purchase at Costco,0.0,2436.28,13687.1,Shopping
TXN00000719,ACC-586813,04/23/2024,Purchase at Netflix,0.0,0.0,37976.09,Entertainment
TXN00000720,ACC-419940,08/13/2023,Purchase at Lyft,2204.31,0.0,20665.91,Shopping
TXN00000721,ACC-223771,11/09/2024,Purchase at Lyft,4763.26,4763.26,38097.95,Food
TXN00000722,ACC-129270,12/29/2025,Purchase at McDonalds,1162.1,0.0,24742.27,Bills
TXN00000723,ACC-982141,11/21/2023,Purchase at Uber,0.0,4885.6,25126.44,Transport
TXN00000724,ACC-393679,01/05/2023,Purchase at Netflix,1628.86,1628.86,1135.99,Food
TXN00000725,ACC-955604,04/29/2024,Purchase at Walmart,2354.97,0.0,49030.31,Bills
TXN00000726,ACC-356582,09/19/2025,Purchase at Lyft,1251.46,1251.46,9579.42,Shopping
TXN00000727,ACC-779099,02/12/2024,Purchase at Costco,443.2,443.2,23999.65,Shopping
TXN00000728,ACC-983238,12/17/2024,Purchase at Home Depot,1326.19,0.0,45653.02,Transport
TXN00000729,ACC-822042,12/24/2023,Purchase at Starbucks,0.0,0.0,34000.7,Bills
TXN00000730,ACC-974589,02/18/2023,Purchase at McDonalds,2278.56,0.0,22743.11,Entertainment
TXN00000731,ACC-977371,02/08/2025,Purchase at Walmart,0.0,0.0,48696.24,Transport
TXN00000732,ACC-646438,09/26/2023,Purchase at Shell,427.92,0.0,44938.76,Transport
TXN00000733,ACC-774444,10/08/2025,Purchase at Uber,0.0,2462.21,25264.98,Food
TXN00000734,ACC-741874,04/11/2025,Purchase at Costco,4712.93,0.0,35876.0,Entertainment
TXN00000735,ACC-369545,03/10/2023,Purchase at Target,2391.8,0.0,8938.25,Shopping
TXN00000736,ACC-255985,02/14/2024,Purchase at Costco,511.73,511.73,48397.19,Entertainment
TXN00000737,ACC-590496,01/11/2024,Purchase at Netflix,0.0,0.0,13080.0,Food
TXN00000738,ACC-882636,09/29/2023,Purchase at Amazon,0.0,4428.86,2805.11,Food
TXN00000739,ACC-459411,08/30/2023,Purchase at Target,0.0,0.0,20168.25,Bills
TXN00000740,ACC-948357,02/27/2024,Purchase at Amazon,0.0,2332.98,8889.78,Shopping
TXN00000741,ACC-325526,08/31/2025,Purchase at Shell,0.0,0.0,44383.53,Entertainment
TXN00000742,ACC-768939,09/12/2024,Purchase at Home Depot,2652.7,0.0,36945.89,Bills
TXN00000743,ACC-831873,10/30/2024,Purchase at Walmart,2783.51,2783.51,36225.86,Shopping
TXN00000744,ACC-925464,05/26/2024,Purchase at Netflix,2133.3,0.0,13487.46,Shopping
TXN00000745,ACC-262868,12/11/2024,Purchase at Lyft,1450.86,0.0,11098.22,Shopping
TXN00000746,ACC-831873,08/03/2025,Purchase at Shell,236.0,0.0,35537.71,Entertainment
TXN00000747,ACC-738254,11/26/2024,Purchase at Apple,696.82,0.0,16383.66,Transport
TXN00000748,ACC-367037,08/29/2023,Purchase at Lyft,0.0,0.0,47959.11,Transport
TXN00000749,ACC-460890,01/19/2025,Purchase at Shell,3387.57,3387.57,1161.29,Entertainment
TXN00000750,ACC-558221,05/26/2025,Purchase at Apple,1652.12,1652.12,31127.35,Bills
TXN00000751,ACC-298290,01/23/2023,Purchase at Apple,957.12,957.12,10477.29,Food
TXN00000752,ACC-427036,09/15/2025,Purchase at Uber,2022.3,2022.3,34879.36,Food
TXN00000753,ACC-419940,12/14/2023,Purchase at Uber,3601.55,3601.55,-500.0,Entertainment
TXN00000754,ACC-921024,12/29/2024,Purchase at Starbucks,0.0,0.0,9524.18,Food
TXN00000755,ACC-325526,11/12/2024,Purchase at Amazon,1810.97,0.0,26368.05,Entertainment
TXN00000756,ACC-356582,01/03/2024,Purchase at Target,1357.17,0.0,35799.49,Food
TXN00000757,ACC-283117,04/24/2024,Purchase at Shell,4187.19,4187.19,24636.41,Shopping
TXN00000758,ACC-388502,01/23/2024,Purchase at McDonalds,3174.07,0.0,36895.75,Shopping
TXN00000759,ACC-325422,08/29/2025,Purchase at Amazon,4817.98,0.0,13511.53,Shopping
TXN00000760,ACC-706716,01/28/2024,Purchase at Walmart,2435.17,0.0,43544.26,Food
TXN00000761,ACC-626521,02/16/2024,Purchase at Lyft,0.0,0.0,22619.41,Entertainment
TXN00000762,ACC-706716,05/13/2025,Purchase at Shell,0.0,0.0,30629.93,Bills
TXN00000763,ACC-307115,10/17/2024,Purchase at Costco,2528.67,0.0,33499.85,Entertainment
TXN00000764,ACC-413822,05/08/2025,Purchase at Netflix,2129.85,0.0,16836.5,Food
TXN00000765,ACC-331820,07/01/2025,Purchase at Starbucks,4481.87,0.0,10109.97,Transport
TXN00000766,ACC-356582,11/08/2025,Purchase at Shell,0.0,0.0,44821.23,Bills
TXN00000767,ACC-881776,12/01/2024,Purchase at Home Depot,2605.06,0.0,33657.12,Shopping
TXN00000768,ACC-282990,08/03/2024,Purchase at Home Depot,0.0,4309.28,23587.1,Shopping
TXN00000769,ACC-146029,10/20/2024,Purchase at McDonalds,3630.39,0.0,3037.69,Food
TXN00000770,ACC-588206,02/23/2025,Purchase at Target,4083.49,0.0,31386.67,Entertainment
TXN00000771,ACC-623237,09/15/2023,Purchase at Apple,4111.28,0.0,1812.37,Entertainment
TXN00000772,ACC-253114,07/28/2023,Purchase at McDonalds,1191.56,0.0,46648.5,Bills
TXN00000773,ACC-727751,09/24/2024,Purchase at Uber,2009.76,0.0,12318.32,Shopping
TXN00000774,ACC-129270,12/02/2025,Purchase at Costco,1053.76,1053.76,32869.47,Shopping
TXN00000775,ACC-506425,08/07/2024,Purchase at Netflix,774.18,0.0,8647.15,Transport
TXN00000776,ACC-325422,10/21/2024,Purchase at Costco,0.0,0.0,45847.7,Food
TXN00000777,ACC-422146,06/18/2023,Purchase at Amazon,0.0,108.19,8806.32,Bills
TXN00000778,ACC-341582,01/27/2023,Purchase at Netflix,2333.0,0.0,39909.74,Shopping
TXN00000779,ACC-482567,05/23/2023,Purchase at McDonalds,2902.16,2902.16,24961.99,Bills
TXN00000780,ACC-588206,08/27/2024,Purchase at Target,18.58,0.0,8129.43,Entertainment
TXN00000781,ACC-768400,07/23/2025,Purchase at Shell,1842.76,0.0,8235.48,Bills
TXN00000782,ACC-476547,03/20/2025,Purchase at Home Depot,2320.52,2320.52,8777.4,Transport
TXN00000783,ACC-739572,02/20/2023,Purchase at Walmart,1063.79,1063.79,37681.85,Food
TXN00000784,ACC-623888,08/24/2024,Purchase at Starbucks,3772.76,0.0,15152.92,Entertainment
TXN00000785,ACC-626521,09/25/2025,Purchase at Home Depot,2872.98,0.0,38072.78,Transport
TXN00000786,ACC-558221,03/31/2024,Purchase at Walmart,4802.23,0.0,11699.9,Entertainment
TXN00000787,ACC-555250,09/30/2025,Purchase at Starbucks,0.0,516.18,37809.81,Transport
TXN00000788,ACC-706716,02/16/2025,Purchase at Starbucks,1491.55,0.0,34889.01,Entertainment
TXN00000789,ACC-345031,01/24/2024,Purchase at Uber,935.87,0.0,43965.0,Transport
TXN00000790,ACC-325422,12/12/2025,Purchase at Starbucks,161.65,0.0,39019.06,Bills
TXN00000791,ACC-322191,12/29/2024,Purchase at Lyft,1832.49,1832.49,7487.67,Entertainment
TXN00000792,ACC-535910,06/21/2024,Purchase at Lyft,4045.25,0.0,6894.82,Transport
TXN00000793,ACC-367037,04/29/2024,Purchase at Amazon,0.0,0.0,18557.46,Entertainment
TXN00000794,ACC-623237,08/16/2024,Purchase at Starbucks,1684.34,0.0,28596.1,Shopping
TXN00000795,ACC-100759,01/10/2023,Purchase at Target,0.0,0.0,-500.0,Bills
TXN00000796,ACC-762254,05/29/2025,Purchase at Amazon,365.08,0.0,3801.12,Food
TXN00000797,ACC-924019,04/14/2025,Purchase at Netflix,170.42,0.0,7641.31,Food
TXN00000798,ACC-864977,06/02/2025,Purchase at Shell,0.0,0.0,47112.36,Bills
TXN00000799,ACC-161449,10/19/2023,Purchase at Target,0.0,1919.45,37445.08,Shopping
TXN00000800,ACC-526807,07/31/2025,Purchase at Walmart,0.0,0.0,19446.24,Transport
