sale_id,product_code,product_description,qty_sold,sale_price,sale_total,sale_date,store_id,cashier,payment_method
S000001,SKU-00007,Notebook Pack,5,1186.07,5930.35,02/17/2024,STORE-03,EMP-113,Mobile
S000002,SKU-00008,Pen Set,10,648.74,6487.4,02/08/2025,STORE-08,EMP-457,Cash
S000003,SKU-00005,Standing Desk,4,1150.09,4600.36,12/10/2025,STORE-05,EMP-574,Mobile
S000004,SKU-00007,Notebook Pack,3,351.67,1055.01,12/24/2025,STORE-10,EMP-494,Mobile
S000005,SKU-00008,Pen Set,9,1352.58,12173.22,03/13/2025,STORE-02,EMP-286,Cash
S000006,SKU-00006,Monitor Arm,10,742.95,7429.5,02/23/2025,STORE-08,EMP-968,Debit
S000007,SKU-00010,Webcam HD,6,1372.96,8237.76,02/01/2024,STORE-07,EMP-907,Credit
S000008,SKU-00002,Wireless Mouse,10,1407.04,14070.4,05/07/2024,STORE-02,EMP-455,Debit
S000009,SKU-00003,USB Hub,10,1290.69,12906.9,04/11/2025,STORE-09,EMP-227,Credit
S000010,SKU-00005,Standing Desk,9,21.1,189.9,12/25/2025,STORE-05,EMP-543,Mobile
S000011,SKU-00010,Webcam HD,4,1352.34,5409.36,07/23/2025,STORE-04,EMP-697,Debit
S000012,SKU-00001,Laptop Pro 15,3,939.81,2819.43,04/19/2025,STORE-09,EMP-495,Credit
S000013,SKU-00007,Notebook Pack,4,1269.88,5079.52,04/20/2024,STORE-05,EMP-191,Credit
S000014,SKU-00001,Laptop Pro 15,4,1035.41,4141.64,09/12/2025,STORE-08,EMP-636,Debit
S000015,SKU-00002,Wireless Mouse,3,28.63,85.89,03/09/2024,STORE-02,EMP-884,Cash
S000016,SKU-00008,Pen Set,4,1313.1,5252.4,07/11/2025,STORE-06,EMP-279,Credit
S000017,SKU-00011,Keyboard BT,5,1391.54,6957.7,04/20/2025,STORE-07,EMP-224,Cash
S000018,SKU-00009,Printer Paper,5,878.27,4391.35,11/14/2025,STORE-08,EMP-886,Credit
S000019,SKU-00005,Standing Desk,1,9.8,9.8,04/23/2024,STORE-02,EMP-948,Cash
S000020,SKU-00003,USB Hub,2,256.08,512.16,01/22/2024,STORE-08,EMP-533,Mobile
S000021,SKU-00007,Notebook Pack,2,922.77,1845.54,02/02/2025,STORE-07,EMP-396,Debit
S000022,SKU-00009,Printer Paper,4,686.39,2745.56,07/27/2024,STORE-02,EMP-146,Mobile
S000023,SKU-00005,Standing Desk,8,602.88,4823.04,07/16/2024,STORE-02,EMP-140,Mobile
S000024,SKU-00004,Office Chair,6,373.55,2241.3,08/14/2025,STORE-07,EMP-370,Cash
S000025,SKU-00005,Standing Desk,2,251.28,502.56,01/13/2025,STORE-08,EMP-935,Cash
S000026,SKU-00003,USB Hub,1,923.3,923.3,12/01/2025,STORE-04,EMP-439,Credit
S000027,SKU-00002,Wireless Mouse,3,6.4,19.2,09/24/2025,STORE-09,EMP-564,Debit
S000028,SKU-00012,Desk Lamp,7,750.39,5252.73,02/27/2024,STORE-01,EMP-393,Mobile
S000029,SKU-00009,Printer Paper,8,69.78,558.24,04/11/2024,STORE-03,EMP-906,Cash
S000030,SKU-00008,Pen Set,1,291.47,291.47,04/12/2024,STORE-02,EMP-501,Credit
S000031,SKU-00002,Wireless Mouse,1,141.12,141.12,06/26/2025,STORE-04,EMP-154,Cash
S000032,SKU-00006,Monitor Arm,3,1298.17,3894.51,04/04/2025,STORE-09,EMP-122,Cash
S000033,SKU-00006,Monitor Arm,7,1340.19,9381.33,06/05/2025,STORE-09,EMP-517,Credit
S000034,SKU-00011,Keyboard BT,5,132.91,664.55,01/28/2025,STORE-03,EMP-989,Debit
S000035,SKU-00010,Webcam HD,5,397.97,1989.85,10/15/2024,STORE-07,EMP-735,Cash
S000036,SKU-00008,Pen Set,10,253.67,2536.7,06/21/2024,STORE-02,EMP-889,Credit
S000037,SKU-00008,Pen Set,7,1057.92,7405.44,12/18/2024,STORE-04,EMP-641,Credit
S000038,SKU-00007,Notebook Pack,3,1050.42,3151.26,04/25/2024,STORE-10,EMP-455,Cash
S000039,SKU-00009,Printer Paper,7,355.95,2491.65,07/10/2025,STORE-10,EMP-283,Mobile
S000040,SKU-00010,Webcam HD,9,969.72,8727.48,02/26/2025,STORE-09,EMP-580,Mobile
S000041,SKU-00008,Pen Set,4,700.41,2801.64,09/02/2025,STORE-10,EMP-471,Mobile
S000042,SKU-00001,Laptop Pro 15,9,486.93,4382.37,12/05/2025,STORE-10,EMP-774,Mobile
S000043,SKU-00003,USB Hub,2,1406.24,2812.48,08/11/2024,STORE-05,EMP-638,Mobile
S000044,SKU-00007,Notebook Pack,5,1499.08,7495.4,06/17/2025,STORE-01,EMP-227,Cash
S000045,SKU-00002,Wireless Mouse,2,760.97,1521.94,05/22/2024,STORE-07,EMP-411,Cash
S000046,SKU-00003,USB Hub,3,1217.66,3652.98,02/21/2024,STORE-06,EMP-647,Credit
S000047,SKU-00006,Monitor Arm,8,1158.85,9270.8,06/19/2025,STORE-01,EMP-812,Credit
S000048,SKU-00007,Notebook Pack,3,1090.85,3272.55,04/03/2025,STORE-04,EMP-780,Credit
S000049,SKU-00001,Laptop Pro 15,7,1066.62,7466.34,04/11/2025,STORE-01,EMP-507,Credit
S000050,SKU-00001,Laptop Pro 15,10,125.37,1253.7,11/17/2025,STORE-08,EMP-847,Credit
S000051,SKU-00002,Wireless Mouse,2,929.29,1858.58,12/25/2025,STORE-09,EMP-825,Cash
S000052,SKU-00006,Monitor Arm,7,1056.0,7392.0,01/20/2025,STORE-10,EMP-724,Credit
S000053,SKU-00004,Office Chair,3,1104.35,3313.05,03/17/2025,STORE-08,EMP-809,Credit
S000054,SKU-00006,Monitor Arm,5,1083.49,5417.45,02/18/2024,STORE-02,EMP-869,Mobile
S000055,SKU-00002,Wireless Mouse,2,1155.91,2311.82,01/24/2024,STORE-03,EMP-992,Mobile
S000056,SKU-00002,Wireless Mouse,7,366.9,2568.3,03/09/2024,STORE-08,EMP-402,Cash
S000057,SKU-00004,Office Chair,9,855.19,7696.71,11/07/2025,STORE-08,EMP-348,Credit
S000058,SKU-00001,Laptop Pro 15,10,1069.27,10692.7,07/05/2025,STORE-07,EMP-350,Debit
S000059,SKU-00010,Webcam HD,3,378.15,1134.45,05/22/2024,STORE-07,EMP-899,Mobile
S000060,SKU-00003,USB Hub,10,1092.57,10925.7,03/10/2025,STORE-07,EMP-939,Credit
S000061,SKU-00008,Pen Set,5,201.74,1008.7,01/29/2025,STORE-07,EMP-308,Credit
S000062,SKU-00011,Keyboard BT,-10,130.78,1307.8,05/31/2024,STORE-09,EMP-998,Cash
S000063,SKU-00004,Office Chair,8,87.42,699.36,11/25/2025,STORE-07,EMP-121,Credit
S000064,SKU-00002,Wireless Mouse,8,1005.6,8044.8,12/07/2025,STORE-04,EMP-498,Cash
S000065,SKU-00010,Webcam HD,4,306.75,1227.0,04/03/2024,STORE-09,EMP-705,Debit
S000066,SKU-00011,Keyboard BT,5,1003.25,5016.25,08/20/2025,STORE-08,EMP-459,Cash
S000067,SKU-00011,Keyboard BT,6,240.86,1445.16,06/26/2025,STORE-06,EMP-674,Mobile
S000068,SKU-00001,Laptop Pro 15,7,688.23,4817.61,03/18/2024,STORE-04,EMP-245,Credit
S000069,SKU-00004,Office Chair,8,1227.17,9817.36,12/21/2025,STORE-01,EMP-693,Cash
S000070,SKU-00002,Wireless Mouse,4,467.02,1868.08,02/04/2025,STORE-05,EMP-398,Credit
S000071,SKU-00012,Desk Lamp,2,496.9,993.8,08/20/2024,STORE-04,EMP-691,Debit
S000072,SKU-00004,Office Chair,3,1220.72,3662.16,03/09/2025,STORE-06,EMP-140,Cash
S000073,SKU-00009,Printer Paper,2,760.41,1520.82,10/29/2025,STORE-09,EMP-727,Credit
S000074,SKU-00005,Standing Desk,6,903.12,5418.72,03/04/2024,STORE-04,EMP-994,Cash
S000075,SKU-00007,Notebook Pack,8,1393.66,11149.28,08/12/2025,STORE-10,EMP-169,Credit
S000076,SKU-00009,Printer Paper,1,575.59,575.59,01/29/2024,STORE-07,EMP-455,Mobile
S000077,SKU-00002,Wireless Mouse,8,1263.14,10105.12,04/28/2025,STORE-03,EMP-522,Mobile
S000078,SKU-00005,Standing Desk,1,1472.36,1472.36,07/06/2025,STORE-09,EMP-834,Mobile
S000079,SKU-00008,Pen Set,6,1382.47,8294.82,10/17/2025,STORE-04,EMP-661,Mobile
S000080,SKU-00010,Webcam HD,8,1062.73,8501.84,03/31/2025,STORE-04,EMP-944,Debit
S000081,SKU-00003,USB Hub,2,808.43,1616.86,01/17/2024,STORE-09,EMP-728,Credit
S000082,SKU-00010,Webcam HD,9,206.5,1858.5,07/23/2024,STORE-08,EMP-690,Debit
S000083,SKU-00012,Desk Lamp,5,205.01,1025.05,10/12/2025,STORE-01,EMP-437,Mobile
S000084,SKU-00001,Laptop Pro 15,8,340.19,2721.52,01/02/2025,STORE-03,EMP-505,Mobile
S000085,SKU-00007,Notebook Pack,6,1322.37,7934.22,09/28/2025,STORE-09,EMP-107,Debit
S000086,SKU-00001,Laptop Pro 15,4,598.9,2395.6,01/10/2024,STORE-01,EMP-375,Mobile
S000087,SKU-00001,Laptop Pro 15,-6,167.97,1007.82,01/24/2024,STORE-02,EMP-677,Debit
S000088,SKU-00010,Webcam HD,9,1120.29,10082.61,06/22/2024,STORE-07,EMP-377,Mobile
S000089,SKU-00002,Wireless Mouse,7,1354.97,9484.79,12/25/2024,STORE-03,EMP-968,Cash
S000090,SKU-00004,Office Chair,6,1255.25,7531.5,03/21/2024,STORE-06,EMP-962,Mobile
S000091,SKU-00004,Office Chair,10,746.37,7463.7,07/08/2024,STORE-05,EMP-914,Mobile
S000092,SKU-00003,USB Hub,6,813.54,4881.24,04/08/2024,STORE-10,EMP-978,Debit
S000093,SKU-00008,Pen Set,5,645.74,3228.7,11/29/2024,STORE-02,EMP-688,Debit
S000094,SKU-00006,Monitor Arm,7,320.82,2245.74,04/22/2024,STORE-07,EMP-130,Credit
S000095,SKU-00009,Printer Paper,9,769.61,6926.49,09/21/2024,STORE-09,EMP-686,Mobile
S000096,SKU-00010,Webcam HD,5,162.14,810.7,05/20/2025,STORE-03,EMP-540,Credit
S000097,SKU-00006,Monitor Arm,3,781.04,2343.12,05/20/2024,STORE-09,EMP-110,Credit
S000098,SKU-00002,Wireless Mouse,5,292.91,1464.55,11/09/2025,STORE-01,EMP-778,Credit
S000099,SKU-00001,Laptop Pro 15,1,981.53,981.53,08/11/2025,STORE-09,EMP-738,Cash
S000100,SKU-00011,Keyboard BT,7,862.97,6040.79,07/14/2025,STORE-01,EMP-655,Mobile
S000101,SKU-00006,Monitor Arm,4,395.9,1583.6,05/22/2025,STORE-01,EMP-700,Mobile
S000102,SKU-00009,Printer Paper,6,977.14,5862.84,03/21/2025,STORE-02,EMP-492,Cash
S000103,SKU-00011,Keyboard BT,3,1409.55,4228.65,04/15/2025,STORE-09,EMP-646,Cash
S000104,SKU-00003,USB Hub,7,636.44,4455.08,02/16/2025,STORE-10,EMP-620,Mobile
S000105,SKU-00003,USB Hub,3,1319.87,3959.61,08/21/2024,STORE-09,EMP-929,Debit
S000106,SKU-00005,Standing Desk,7,107.28,750.96,04/16/2025,STORE-10,EMP-847,Debit
S000107,SKU-00012,Desk Lamp,6,1384.89,8309.34,04/14/2025,STORE-02,EMP-796,Cash
S000108,SKU-00001,Laptop Pro 15,5,926.13,4630.65,09/19/2024,STORE-05,EMP-765,Cash
S000109,SKU-00004,Office Chair,7,1496.85,10477.95,09/20/2024,STORE-06,EMP-975,Cash
S000110,SKU-00011,Keyboard BT,9,1322.48,11902.32,08/11/2024,STORE-02,EMP-948,Credit
S000111,SKU-00011,Keyboard BT,9,169.1,1521.9,01/21/2025,STORE-08,EMP-927,Cash
S000112,SKU-00010,Webcam HD,2,1372.31,2744.62,02/06/2025,STORE-02,EMP-111,Cash
S000113,SKU-00003,USB Hub,7,97.55,682.85,01/24/2025,STORE-09,EMP-798,Debit
S000114,SKU-00005,Standing Desk,1,963.0,963.0,03/11/2025,STORE-05,EMP-134,Cash
S000115,SKU-00012,Desk Lamp,5,1434.55,7172.75,12/21/2024,STORE-02,EMP-840,Credit
S000116,SKU-00003,USB Hub,8,1173.24,9385.92,05/23/2024,STORE-10,EMP-367,Credit
S000117,SKU-00010,Webcam HD,9,117.7,1059.3,03/08/2025,STORE-07,EMP-926,Debit
S000118,SKU-00010,Webcam HD,8,247.62,1980.96,10/03/2024,STORE-09,EMP-864,Credit
S000119,SKU-00006,Monitor Arm,10,485.86,4858.6,11/03/2024,STORE-09,EMP-474,Cash
S000120,SKU-00004,Office Chair,4,1373.04,5492.16,12/26/2024,STORE-10,EMP-692,Credit
S000121,SKU-00006,Monitor Arm,9,284.61,2561.49,07/31/2024,STORE-09,EMP-645,Cash
S000122,SKU-00002,Wireless Mouse,7,888.61,6220.27,01/27/2025,STORE-08,EMP-884,Debit
S000123,SKU-00010,Webcam HD,3,1126.82,3380.46,10/05/2025,STORE-03,EMP-417,Mobile
S000124,SKU-00001,Laptop Pro 15,8,208.64,1669.12,04/25/2025,STORE-10,EMP-553,Debit
S000125,SKU-00002,Wireless Mouse,4,143.99,575.96,10/12/2024,STORE-07,EMP-292,Mobile
S000126,SKU-00007,Notebook Pack,3,160.38,481.14,12/03/2025,STORE-07,EMP-936,Cash
S000127,SKU-00010,Webcam HD,5,1232.49,6162.45,08/27/2025,STORE-05,EMP-372,Mobile
S000128,SKU-00003,USB Hub,8,207.07,1656.56,12/29/2024,STORE-06,EMP-782,Mobile
S000129,SKU-00010,Webcam HD,10,803.72,8037.2,05/26/2025,STORE-06,EMP-168,Cash
S000130,SKU-00009,Printer Paper,10,1289.44,12894.4,11/21/2025,STORE-04,EMP-834,Credit
S000131,SKU-00004,Office Chair,10,851.31,8513.1,03/17/2025,STORE-01,EMP-168,Debit
S000132,SKU-00008,Pen Set,2,549.87,1099.74,12/02/2025,STORE-10,EMP-687,Mobile
S000133,SKU-00002,Wireless Mouse,10,391.54,3915.4,10/06/2025,STORE-05,EMP-436,Debit
S000134,SKU-00010,Webcam HD,7,122.42,856.94,02/09/2024,STORE-10,EMP-978,Mobile
S000135,SKU-00005,Standing Desk,2,1377.73,2755.46,10/15/2024,STORE-02,EMP-949,Credit
S000136,SKU-00005,Standing Desk,1,491.77,491.77,09/09/2024,STORE-06,EMP-238,Credit
S000137,SKU-00003,USB Hub,8,611.51,4892.08,12/17/2025,STORE-08,EMP-295,Cash
S000138,SKU-00008,Pen Set,3,183.21,549.63,03/17/2025,STORE-05,EMP-445,Credit
S000139,SKU-00007,Notebook Pack,2,1241.28,2482.56,09/24/2025,STORE-02,EMP-579,Debit
S000140,SKU-00004,Office Chair,10,420.53,4205.3,10/20/2025,STORE-03,EMP-270,Mobile
S000141,SKU-00010,Webcam HD,2,778.31,1556.62,01/12/2024,STORE-06,EMP-421,Debit
S000142,SKU-00001,Laptop Pro 15,1,1062.92,1062.92,03/01/2025,STORE-09,EMP-641,Mobile
S000143,SKU-00012,Desk Lamp,1,939.71,939.71,07/30/2025,STORE-07,EMP-768,Credit
S000144,SKU-00006,Monitor Arm,7,973.0,6811.0,08/26/2024,STORE-07,EMP-977,Debit
S000145,SKU-00010,Webcam HD,8,615.17,4921.36,07/10/2025,STORE-03,EMP-553,Cash
S000146,SKU-00003,USB Hub,9,826.83,7441.47,02/24/2025,STORE-04,EMP-225,Cash
S000147,SKU-00007,Notebook Pack,9,686.32,6176.88,06/25/2024,STORE-06,EMP-406,Cash
S000148,SKU-00012,Desk Lamp,5,810.79,4053.95,06/26/2025,STORE-02,EMP-525,Credit
S000149,SKU-00005,Standing Desk,4,249.17,996.68,06/15/2025,STORE-02,EMP-238,Mobile
S000150,SKU-00002,Wireless Mouse,8,1134.88,9079.04,10/30/2024,STORE-03,EMP-794,Mobile
S000151,SKU-00011,Keyboard BT,5,288.04,1440.2,07/11/2025,STORE-09,EMP-581,Credit
S000152,SKU-00008,Pen Set,6,754.18,4525.08,03/23/2024,STORE-05,EMP-125,Mobile
S000153,SKU-00001,Laptop Pro 15,6,821.3,4927.8,08/08/2025,STORE-06,EMP-319,Cash
S000154,SKU-00005,Standing Desk,8,75.95,607.6,09/17/2025,STORE-05,EMP-663,Mobile
S000155,SKU-00012,Desk Lamp,5,58.67,293.35,10/22/2025,STORE-04,EMP-284,Debit
S000156,SKU-00009,Printer Paper,9,1012.67,9114.03,08/28/2024,STORE-03,EMP-241,Cash
S000157,SKU-00008,Pen Set,2,1256.47,2512.94,02/06/2024,STORE-09,EMP-291,Credit
S000158,SKU-00009,Printer Paper,2,850.33,1700.66,02/27/2024,STORE-04,EMP-307,Debit
S000159,SKU-00008,Pen Set,8,541.24,4329.92,10/15/2025,STORE-10,EMP-911,Credit
S000160,SKU-00008,Pen Set,9,351.12,3160.08,06/10/2025,STORE-09,EMP-970,Debit
S000161,SKU-00010,Webcam HD,1,1010.61,1010.61,02/23/2025,STORE-08,EMP-748,Cash
S000162,SKU-00011,Keyboard BT,3,1127.17,3381.51,12/07/2025,STORE-02,EMP-988,Cash
S000163,SKU-00012,Desk Lamp,8,1166.41,9331.28,02/10/2025,STORE-05,EMP-562,Debit
S000164,SKU-00012,Desk Lamp,4,1332.78,5331.12,12/30/2024,STORE-07,EMP-488,Credit
S000165,SKU-00011,Keyboard BT,3,1358.35,4075.05,06/18/2024,STORE-03,EMP-557,Cash
S000166,SKU-00011,Keyboard BT,10,1359.14,13591.4,05/26/2025,STORE-08,EMP-597,Credit
S000167,SKU-00005,Standing Desk,3,870.64,2611.92,06/01/2025,STORE-06,EMP-161,Mobile
S000168,SKU-00001,Laptop Pro 15,3,322.32,966.96,07/06/2025,STORE-02,EMP-788,Cash
S000169,SKU-00005,Standing Desk,7,1177.54,8242.78,01/31/2025,STORE-04,EMP-244,Cash
S000170,SKU-00006,Monitor Arm,5,566.57,2832.85,05/13/2024,STORE-02,EMP-362,Cash
S000171,SKU-00011,Keyboard BT,3,807.16,2421.48,10/30/2025,STORE-07,EMP-793,Mobile
S000172,SKU-00011,Keyboard BT,10,393.93,3939.3,05/03/2024,STORE-10,EMP-994,Debit
S000173,SKU-00003,USB Hub,7,1381.82,9672.74,11/20/2025,STORE-06,EMP-795,Cash
S000174,SKU-00006,Monitor Arm,9,88.04,792.36,06/30/2024,STORE-01,EMP-285,Credit
S000175,SKU-00011,Keyboard BT,3,156.76,470.28,12/19/2025,STORE-09,EMP-113,Mobile
S000176,SKU-00005,Standing Desk,10,235.75,2357.5,04/24/2024,STORE-09,EMP-837,Debit
S000177,SKU-00006,Monitor Arm,10,714.51,7145.1,08/17/2024,STORE-01,EMP-890,Cash
S000178,SKU-00008,Pen Set,3,726.64,2179.92,07/12/2024,STORE-09,EMP-148,Cash
S000179,SKU-00006,Monitor Arm,9,463.47,4171.23,01/05/2025,STORE-07,EMP-298,Credit
S000180,SKU-00006,Monitor Arm,5,1116.04,5580.2,01/03/2025,STORE-04,EMP-542,Cash
S000181,SKU-00007,Notebook Pack,9,154.87,1393.83,11/24/2024,STORE-05,EMP-740,Cash
S000182,SKU-00009,Printer Paper,6,1028.01,6168.06,04/08/2024,STORE-08,EMP-820,Mobile
S000183,SKU-00010,Webcam HD,7,199.53,1396.71,06/01/2024,STORE-10,EMP-290,Credit
S000184,SKU-00005,Standing Desk,7,723.56,5064.92,07/06/2025,STORE-05,EMP-378,Mobile
S000185,SKU-00008,Pen Set,4,214.78,859.12,10/31/2024,STORE-04,EMP-125,Mobile
S000186,SKU-00011,Keyboard BT,7,671.96,4703.72,10/31/2025,STORE-05,EMP-745,Cash
S000187,SKU-00002,Wireless Mouse,9,1081.19,9730.71,11/03/2024,STORE-08,EMP-918,Mobile
S000188,SKU-00010,Webcam HD,10,1234.54,12345.4,01/09/2025,STORE-04,EMP-452,Mobile
S000189,SKU-00002,Wireless Mouse,3,414.15,1242.45,02/24/2024,STORE-09,EMP-357,Mobile
S000190,SKU-00012,Desk Lamp,3,1318.33,3954.99,11/22/2025,STORE-06,EMP-490,Credit
S000191,SKU-00005,Standing Desk,8,191.85,1534.8,03/01/2024,STORE-04,EMP-752,Cash
S000192,SKU-00005,Standing Desk,4,687.14,2748.56,03/02/2024,STORE-05,EMP-834,Debit
S000193,SKU-00003,USB Hub,7,94.66,662.62,02/15/2025,STORE-01,EMP-996,Cash
S000194,SKU-00006,Monitor Arm,1,692.22,692.22,08/14/2025,STORE-08,EMP-444,Credit
S000195,SKU-00002,Wireless Mouse,8,762.11,6096.88,02/26/2025,STORE-07,EMP-605,Mobile
S000196,SKU-00009,Printer Paper,2,769.78,1539.56,07/23/2024,STORE-01,EMP-823,Cash
S000197,SKU-00012,Desk Lamp,7,755.95,5291.65,10/05/2024,STORE-03,EMP-990,Mobile
S000198,SKU-00004,Office Chair,4,658.4,2633.6,07/14/2025,STORE-10,EMP-196,Credit
S000199,SKU-00010,Webcam HD,7,548.92,3842.44,06/15/2024,STORE-08,EMP-248,Mobile
S000200,SKU-00002,Wireless Mouse,9,1185.12,10666.08,09/18/2024,STORE-02,EMP-841,Debit
S000201,SKU-00007,Notebook Pack,3,1211.95,3635.85,11/21/2025,STORE-04,EMP-621,Cash
S000202,SKU-00008,Pen Set,1,1175.91,1175.91,08/31/2025,STORE-05,EMP-516,Cash
S000203,SKU-00008,Pen Set,8,136.09,1088.72,02/20/2025,STORE-05,EMP-174,Cash
S000204,SKU-00007,Notebook Pack,1,387.09,387.09,11/08/2025,STORE-10,EMP-692,Cash
S000205,SKU-00011,Keyboard BT,4,646.67,2586.68,07/23/2024,STORE-03,EMP-250,Cash
S000206,SKU-00011,Keyboard BT,3,912.09,2736.27,09/07/2025,STORE-09,EMP-104,Cash
S000207,SKU-00005,Standing Desk,8,230.56,1844.48,02/13/2024,STORE-10,EMP-544,Mobile
S000208,SKU-00009,Printer Paper,7,584.05,4088.35,12/19/2024,STORE-02,EMP-738,Mobile
S000209,SKU-00008,Pen Set,7,1485.59,10399.13,01/26/2024,STORE-04,EMP-993,Credit
S000210,SKU-00010,Webcam HD,10,133.3,1333.0,08/25/2024,STORE-09,EMP-342,Mobile
S000211,SKU-00001,Laptop Pro 15,6,1335.11,8010.66,01/15/2024,STORE-09,EMP-740,Credit
S000212,SKU-00007,Notebook Pack,1,1357.86,1357.86,10/27/2024,STORE-07,EMP-955,Mobile
S000213,SKU-00006,Monitor Arm,2,128.89,257.78,10/13/2025,STORE-09,EMP-792,Credit
S000214,SKU-00001,Laptop Pro 15,4,242.99,971.96,06/22/2024,STORE-05,EMP-839,Cash
S000215,SKU-00001,Laptop Pro 15,5,1332.04,6660.2,04/04/2025,STORE-05,EMP-452,Debit
S000216,SKU-00007,Notebook Pack,-7,1166.32,8164.24,09/10/2024,STORE-10,EMP-980,Debit
S000217,SKU-00002,Wireless Mouse,10,1446.79,14467.9,05/23/2025,STORE-06,EMP-619,Debit
S000218,SKU-00003,USB Hub,8,663.86,5310.88,08/30/2025,STORE-05,EMP-949,Mobile
S000219,SKU-00003,USB Hub,8,1007.01,8056.08,02/23/2024,STORE-02,EMP-705,Credit
S000220,SKU-00007,Notebook Pack,8,535.75,4286.0,11/18/2024,STORE-08,EMP-954,Mobile
S000221,SKU-00008,Pen Set,2,1467.52,2935.04,12/06/2025,STORE-02,EMP-715,Credit
S000222,SKU-00008,Pen Set,1,1487.59,1487.59,04/11/2025,STORE-02,EMP-526,Debit
S000223,SKU-00002,Wireless Mouse,8,79.02,632.16,11/27/2025,STORE-08,EMP-504,Cash
S000224,SKU-00003,USB Hub,5,233.24,1166.2,04/15/2024,STORE-07,EMP-694,Debit
S000225,SKU-00012,Desk Lamp,9,392.05,3528.45,12/17/2024,STORE-05,EMP-266,Mobile
S000226,SKU-00005,Standing Desk,8,521.97,4175.76,07/26/2024,STORE-10,EMP-956,Mobile
S000227,SKU-00010,Webcam HD,3,992.96,2978.88,04/01/2024,STORE-05,EMP-630,Credit
S000228,SKU-00010,Webcam HD,3,302.31,906.93,05/09/2025,STORE-10,EMP-950,Credit
S000229,SKU-00010,Webcam HD,10,574.81,5748.1,02/24/2025,STORE-06,EMP-108,Mobile
S000230,SKU-00002,Wireless Mouse,2,606.02,1212.04,12/10/2024,STORE-09,EMP-508,Debit
S000231,SKU-00006,Monitor Arm,1,360.58,360.58,01/07/2025,STORE-06,EMP-665,Cash
S000232,SKU-00009,Printer Paper,1,1012.27,1012.27,12/02/2025,STORE-01,EMP-525,Mobile
S000233,SKU-00006,Monitor Arm,7,1273.92,8917.44,05/10/2025,STORE-08,EMP-774,Credit
S000234,SKU-00004,Office Chair,7,31.48,220.36,07/04/2025,STORE-05,EMP-850,Credit
S000235,SKU-00001,Laptop Pro 15,7,1464.29,10250.03,09/15/2025,STORE-10,EMP-339,Mobile
S000236,SKU-00004,Office Chair,7,879.66,6157.62,04/26/2024,STORE-01,EMP-717,Mobile
S000237,SKU-00008,Pen Set,3,1243.58,3730.74,03/07/2024,STORE-10,EMP-201,Mobile
S000238,SKU-00001,Laptop Pro 15,10,1328.62,13286.2,03/18/2025,STORE-06,EMP-193,Mobile
S000239,SKU-00001,Laptop Pro 15,5,1238.79,6193.95,07/07/2024,STORE-02,EMP-434,Credit
S000240,SKU-00011,Keyboard BT,1,35.49,35.49,07/31/2024,STORE-06,EMP-620,Mobile
S000241,SKU-00008,Pen Set,1,1350.12,1350.12,01/11/2024,STORE-01,EMP-776,Debit
S000242,SKU-00011,Keyboard BT,6,26.23,157.38,04/21/2024,STORE-09,EMP-561,Cash
S000243,SKU-00001,Laptop Pro 15,6,1395.96,8375.76,08/26/2025,STORE-10,EMP-884,Debit
S000244,SKU-00003,USB Hub,6,522.52,3135.12,09/28/2024,STORE-04,EMP-761,Credit
S000245,SKU-00003,USB Hub,4,265.32,1061.28,03/26/2024,STORE-03,EMP-793,Debit
S000246,SKU-00001,Laptop Pro 15,3,499.92,1499.76,11/04/2025,STORE-04,EMP-352,Cash
S000247,SKU-00011,Keyboard BT,2,362.13,724.26,05/23/2024,STORE-08,EMP-532,Cash
S000248,SKU-00011,Keyboard BT,-8,1422.0,11376.0,09/26/2024,STORE-05,EMP-608,Credit
S000249,SKU-00011,Keyboard BT,9,157.38,1416.42,02/01/2024,STORE-08,EMP-755,Cash
S000250,SKU-00009,Printer Paper,8,631.71,5053.68,01/24/2025,STORE-08,EMP-640,Debit
S000251,SKU-00004,Office Chair,5,958.71,4793.55,07/14/2024,STORE-04,EMP-459,Mobile
S000252,SKU-00004,Office Chair,8,63.89,511.12,03/12/2024,STORE-02,EMP-619,Cash
S000253,SKU-00012,Desk Lamp,7,1301.99,9113.93,07/28/2024,STORE-07,EMP-317,Mobile
S000254,SKU-00006,Monitor Arm,1,635.27,635.27,11/16/2024,STORE-01,EMP-325,Credit
S000255,SKU-00006,Monitor Arm,2,1348.03,2696.06,04/25/2024,STORE-07,EMP-341,Mobile
S000256,SKU-00005,Standing Desk,6,1022.25,6133.5,04/06/2025,STORE-04,EMP-522,Credit
S000257,SKU-00004,Office Chair,1,371.29,371.29,11/09/2025,STORE-03,EMP-926,Mobile
S000258,SKU-00001,Laptop Pro 15,3,663.53,1990.59,08/29/2024,STORE-03,EMP-231,Mobile
S000259,SKU-00010,Webcam HD,3,1414.79,4244.37,04/06/2025,STORE-03,EMP-751,Mobile
S000260,SKU-00003,USB Hub,10,457.13,4571.3,01/15/2024,STORE-01,EMP-701,Mobile
S000261,SKU-00002,Wireless Mouse,1,1169.5,1169.5,08/05/2025,STORE-04,EMP-719,Debit
S000262,SKU-00010,Webcam HD,10,622.23,6222.3,03/04/2025,STORE-08,EMP-974,Debit
S000263,SKU-00005,Standing Desk,6,911.52,5469.12,11/21/2025,STORE-09,EMP-775,Cash
S000264,SKU-00008,Pen Set,2,320.28,640.56,02/08/2024,STORE-04,EMP-264,Credit
S000265,SKU-00005,Standing Desk,5,264.69,1323.45,06/19/2024,STORE-02,EMP-317,Debit
S000266,SKU-00004,Office Chair,3,144.56,433.68,09/05/2024,STORE-04,EMP-883,Cash
S000267,SKU-00011,Keyboard BT,-1,437.53,437.53,06/18/2024,STORE-10,EMP-438,Mobile
S000268,SKU-00001,Laptop Pro 15,3,896.37,2689.11,11/29/2025,STORE-01,EMP-695,Debit
S000269,SKU-00008,Pen Set,3,44.45,133.35,01/25/2024,STORE-08,EMP-464,Credit
S000270,SKU-00012,Desk Lamp,3,491.75,1475.25,02/06/2025,STORE-10,EMP-316,Cash
S000271,SKU-00007,Notebook Pack,1,655.55,655.55,06/14/2024,STORE-04,EMP-935,Cash
S000272,SKU-00009,Printer Paper,-8,425.83,3406.64,08/24/2024,STORE-08,EMP-971,Credit
S000273,SKU-00004,Office Chair,-6,925.71,5554.26,05/15/2024,STORE-08,EMP-523,Credit
S000274,SKU-00012,Desk Lamp,10,1482.53,14825.3,05/16/2025,STORE-07,EMP-882,Credit
S000275,SKU-00011,Keyboard BT,3,491.33,1473.99,04/13/2025,STORE-04,EMP-721,Mobile
S000276,SKU-00008,Pen Set,5,826.27,4131.35,03/31/2024,STORE-04,EMP-692,Cash
S000277,SKU-00001,Laptop Pro 15,4,1458.21,5832.84,01/06/2025,STORE-07,EMP-730,Debit
S000278,SKU-00005,Standing Desk,4,109.55,438.2,10/31/2024,STORE-01,EMP-204,Credit
S000279,SKU-00009,Printer Paper,8,1049.81,8398.48,11/12/2024,STORE-03,EMP-726,Debit
S000280,SKU-00004,Office Chair,8,159.44,1275.52,08/23/2025,STORE-05,EMP-870,Credit
S000281,SKU-00005,Standing Desk,1,1189.18,1189.18,12/15/2025,STORE-09,EMP-881,Debit
S000282,SKU-00004,Office Chair,9,17.11,153.99,11/05/2025,STORE-09,EMP-896,Debit
S000283,SKU-00003,USB Hub,1,78.03,78.03,10/20/2024,STORE-02,EMP-513,Debit
S000284,SKU-00012,Desk Lamp,6,1065.11,6390.66,01/11/2025,STORE-06,EMP-681,Mobile
S000285,SKU-00008,Pen Set,-1,286.5,286.5,05/18/2024,STORE-02,EMP-630,Mobile
S000286,SKU-00010,Webcam HD,6,1092.8,6556.8,11/13/2025,STORE-09,EMP-900,Debit
S000287,SKU-00004,Office Chair,6,928.45,5570.7,01/09/2024,STORE-03,EMP-851,Cash
S000288,SKU-00009,Printer Paper,1,1358.57,1358.57,07/19/2025,STORE-02,EMP-332,Debit
S000289,SKU-00004,Office Chair,7,1291.53,9040.71,05/26/2024,STORE-05,EMP-801,Debit
S000290,SKU-00003,USB Hub,7,503.67,3525.69,02/25/2025,STORE-02,EMP-473,Mobile
S000291,SKU-00003,USB Hub,4,510.33,2041.32,12/18/2024,STORE-02,EMP-591,Credit
S000292,SKU-00012,Desk Lamp,9,448.32,4034.88,09/01/2025,STORE-03,EMP-578,Cash
S000293,SKU-00010,Webcam HD,10,401.8,4018.0,10/11/2024,STORE-07,EMP-200,Mobile
S000294,SKU-00004,Office Chair,7,88.81,621.67,12/24/2025,STORE-09,EMP-393,Debit
S000295,SKU-00011,Keyboard BT,1,636.25,636.25,12/13/2025,STORE-08,EMP-414,Cash
S000296,SKU-00002,Wireless Mouse,3,581.5,1744.5,06/06/2024,STORE-09,EMP-566,Cash
S000297,SKU-00008,Pen Set,2,165.89,331.78,03/15/2025,STORE-05,EMP-620,Cash
S000298,SKU-00003,USB Hub,4,221.68,886.72,12/31/2024,STORE-09,EMP-506,Cash
S000299,SKU-00009,Printer Paper,9,1402.84,12625.56,04/11/2024,STORE-05,EMP-637,Debit
S000300,SKU-00010,Webcam HD,5,584.16,2920.8,12/02/2024,STORE-05,EMP-175,Cash
S000301,SKU-00012,Desk Lamp,3,1446.05,4338.15,09/04/2025,STORE-07,EMP-160,Mobile
S000302,SKU-00002,Wireless Mouse,4,1180.92,4723.68,07/04/2024,STORE-02,EMP-585,Credit
S000303,SKU-00010,Webcam HD,6,1235.67,7414.02,12/05/2025,STORE-02,EMP-671,Mobile
S000304,SKU-00009,Printer Paper,3,321.77,965.31,11/06/2025,STORE-10,EMP-516,Mobile
S000305,SKU-00012,Desk Lamp,8,620.86,4966.88,01/14/2025,STORE-10,EMP-397,Mobile
S000306,SKU-00009,Printer Paper,8,1236.44,9891.52,11/07/2025,STORE-09,EMP-457,Debit
S000307,SKU-00008,Pen Set,2,1339.12,2678.24,03/23/2024,STORE-09,EMP-735,Mobile
S000308,SKU-00005,Standing Desk,9,1347.11,12123.99,06/26/2025,STORE-08,EMP-118,Mobile
S000309,SKU-00008,Pen Set,9,1258.57,11327.13,09/24/2024,STORE-08,EMP-256,Mobile
S000310,SKU-00008,Pen Set,4,250.32,1001.28,01/29/2025,STORE-09,EMP-212,Credit
S000311,SKU-00006,Monitor Arm,10,337.18,3371.8,11/11/2024,STORE-01,EMP-594,Mobile
S000312,SKU-00012,Desk Lamp,3,1421.49,4264.47,07/05/2025,STORE-03,EMP-946,Cash
S000313,SKU-00011,Keyboard BT,10,1481.95,14819.5,11/25/2024,STORE-10,EMP-518,Credit
S000314,SKU-00005,Standing Desk,2,962.98,1925.96,05/26/2024,STORE-05,EMP-451,Cash
S000315,SKU-00004,Office Chair,2,431.92,863.84,11/30/2025,STORE-02,EMP-376,Credit
S000316,SKU-00006,Monitor Arm,9,226.54,2038.86,09/18/2024,STORE-06,EMP-853,Cash
S000317,SKU-00005,Standing Desk,4,815.1,3260.4,05/31/2024,STORE-06,EMP-162,Cash
S000318,SKU-00012,Desk Lamp,7,1420.67,9944.69,09/10/2025,STORE-10,EMP-229,Cash
S000319,SKU-00001,Laptop Pro 15,4,380.53,1522.12,03/17/2024,STORE-06,EMP-706,Debit
S000320,SKU-00010,Webcam HD,3,1078.46,3235.38,07/10/2025,STORE-04,EMP-389,Debit
S000321,SKU-00004,Office Chair,-6,1248.31,7489.86,05/18/2024,STORE-08,EMP-162,Mobile
S000322,SKU-00008,Pen Set,2,416.18,832.36,05/05/2025,STORE-07,EMP-398,Credit
S000323,SKU-00010,Webcam HD,2,741.57,1483.14,10/20/2025,STORE-01,EMP-340,Credit
S000324,SKU-00003,USB Hub,4,427.45,1709.8,04/15/2025,STORE-08,EMP-701,Credit
S000325,SKU-00012,Desk Lamp,2,1437.9,2875.8,04/17/2024,STORE-08,EMP-160,Cash
S000326,SKU-00005,Standing Desk,6,1290.29,7741.74,02/06/2025,STORE-01,EMP-736,Cash
S000327,SKU-00008,Pen Set,2,724.69,1449.38,02/08/2024,STORE-10,EMP-788,Debit
S000328,SKU-00003,USB Hub,8,1163.88,9311.04,10/20/2025,STORE-10,EMP-377,Credit
S000329,SKU-00006,Monitor Arm,3,180.11,540.33,09/14/2025,STORE-10,EMP-948,Mobile
S000330,SKU-00009,Printer Paper,7,1083.07,7581.49,12/19/2024,STORE-07,EMP-811,Cash
S000331,SKU-00004,Office Chair,7,835.29,5847.03,02/12/2025,STORE-05,EMP-785,Mobile
S000332,SKU-00006,Monitor Arm,-1,430.17,430.17,11/27/2024,STORE-07,EMP-688,Mobile
S000333,SKU-00012,Desk Lamp,7,1396.23,9773.61,06/12/2024,STORE-09,EMP-458,Credit
S000334,SKU-00011,Keyboard BT,8,1231.06,9848.48,09/11/2025,STORE-03,EMP-672,Cash
S000335,SKU-00008,Pen Set,2,1216.55,2433.1,03/16/2024,STORE-04,EMP-824,Mobile
S000336,SKU-00005,Standing Desk,4,1457.73,5830.92,08/26/2024,STORE-04,EMP-220,Cash
S000337,SKU-00011,Keyboard BT,8,1119.5,8956.0,03/23/2025,STORE-05,EMP-427,Debit
S000338,SKU-00009,Printer Paper,4,1346.04,5384.16,08/07/2025,STORE-10,EMP-958,Cash
S000339,SKU-00010,Webcam HD,8,912.59,7300.72,04/01/2024,STORE-01,EMP-344,Cash
S000340,SKU-00004,Office Chair,8,883.88,7071.04,04/28/2024,STORE-07,EMP-172,Debit
S000341,SKU-00003,USB Hub,10,696.92,6969.2,03/25/2025,STORE-01,EMP-899,Mobile
S000342,SKU-00001,Laptop Pro 15,10,318.61,3186.1,01/31/2024,STORE-06,EMP-592,Mobile
S000343,SKU-00012,Desk Lamp,2,440.03,880.06,01/13/2024,STORE-07,EMP-699,Credit
S000344,SKU-00001,Laptop Pro 15,6,429.89,2579.34,07/25/2025,STORE-07,EMP-320,Debit
S000345,SKU-00005,Standing Desk,1,1226.06,1226.06,05/30/2025,STORE-06,EMP-209,Mobile
S000346,SKU-00005,Standing Desk,5,1442.14,7210.7,09/06/2024,STORE-09,EMP-658,Credit
S000347,SKU-00011,Keyboard BT,3,1079.55,3238.65,11/07/2025,STORE-06,EMP-451,Credit
S000348,SKU-00008,Pen Set,4,371.76,1487.04,03/01/2024,STORE-07,EMP-882,Cash
S000349,SKU-00010,Webcam HD,10,771.15,7711.5,02/15/2024,STORE-05,EMP-971,Credit
S000350,SKU-00002,Wireless Mouse,1,20.42,20.42,08/08/2024,STORE-02,EMP-102,Debit
S000351,SKU-00011,Keyboard BT,6,46.77,280.62,02/16/2025,STORE-02,EMP-361,Cash
S000352,SKU-00009,Printer Paper,7,761.54,5330.78,04/25/2024,STORE-07,EMP-710,Cash
S000353,SKU-00004,Office Chair,4,836.77,3347.08,04/19/2024,STORE-01,EMP-714,Credit
S000354,SKU-00010,Webcam HD,2,179.27,358.54,09/09/2025,STORE-09,EMP-716,Credit
S000355,SKU-00007,Notebook Pack,9,526.8,4741.2,01/24/2024,STORE-10,EMP-623,Debit
S000356,SKU-00004,Office Chair,10,783.76,7837.6,10/18/2025,STORE-04,EMP-787,Mobile
S000357,SKU-00005,Standing Desk,-7,904.95,6334.65,10/05/2025,STORE-07,EMP-749,Cash
S000358,SKU-00007,Notebook Pack,1,335.27,335.27,08/27/2024,STORE-09,EMP-844,Credit
S000359,SKU-00003,USB Hub,4,831.26,3325.04,12/25/2025,STORE-03,EMP-287,Credit
S000360,SKU-00008,Pen Set,6,492.16,2952.96,05/23/2025,STORE-03,EMP-576,Cash
S000361,SKU-00003,USB Hub,6,47.06,282.36,03/07/2024,STORE-09,EMP-973,Mobile
S000362,SKU-00007,Notebook Pack,10,605.14,6051.4,03/27/2025,STORE-08,EMP-515,Mobile
S000363,SKU-00008,Pen Set,9,1370.67,12336.03,05/31/2025,STORE-08,EMP-225,Credit
S000364,SKU-00009,Printer Paper,5,1226.71,6133.55,05/29/2025,STORE-04,EMP-717,Mobile
S000365,SKU-00001,Laptop Pro 15,7,1056.3,7394.1,08/05/2024,STORE-03,EMP-732,Debit
S000366,SKU-00010,Webcam HD,9,1493.46,13441.14,12/28/2024,STORE-08,EMP-417,Credit
S000367,SKU-00011,Keyboard BT,1,650.15,650.15,03/08/2024,STORE-10,EMP-817,Mobile
S000368,SKU-00001,Laptop Pro 15,1,330.43,330.43,03/19/2024,STORE-05,EMP-763,Cash
S000369,SKU-00009,Printer Paper,9,8.65,77.85,12/28/2024,STORE-04,EMP-171,Debit
S000370,SKU-00001,Laptop Pro 15,1,1129.39,1129.39,12/11/2025,STORE-09,EMP-315,Debit
S000371,SKU-00005,Standing Desk,9,484.62,4361.58,07/22/2025,STORE-05,EMP-904,Credit
S000372,SKU-00007,Notebook Pack,2,416.72,833.44,03/05/2024,STORE-08,EMP-633,Debit
S000373,SKU-00008,Pen Set,7,47.15,330.05,06/18/2025,STORE-04,EMP-291,Debit
S000374,SKU-00010,Webcam HD,9,1454.42,13089.78,12/18/2025,STORE-07,EMP-710,Debit
S000375,SKU-00004,Office Chair,6,228.42,1370.52,11/21/2025,STORE-07,EMP-878,Credit
S000376,SKU-00007,Notebook Pack,1,394.09,394.09,07/07/2024,STORE-06,EMP-686,Cash
S000377,SKU-00011,Keyboard BT,1,108.09,108.09,09/04/2024,STORE-10,EMP-914,Debit
S000378,SKU-00009,Printer Paper,10,766.92,7669.2,12/24/2025,STORE-09,EMP-845,Debit
S000379,SKU-00003,USB Hub,5,1224.23,6121.15,11/10/2024,STORE-06,EMP-608,Debit
S000380,SKU-00005,Standing Desk,3,475.84,1427.52,12/29/2024,STORE-02,EMP-261,Credit
S000381,SKU-00010,Webcam HD,6,217.86,1307.16,12/29/2025,STORE-04,EMP-995,Credit
S000382,SKU-00001,Laptop Pro 15,7,235.51,1648.57,01/25/2025,STORE-09,EMP-911,Debit
S000383,SKU-00011,Keyboard BT,1,64.3,64.3,04/13/2025,STORE-04,EMP-444,Cash
S000384,SKU-00003,USB Hub,6,1273.85,7643.1,04/17/2025,STORE-01,EMP-761,Debit
S000385,SKU-00002,Wireless Mouse,5,767.09,3835.45,06/01/2024,STORE-05,EMP-873,Credit
S000386,SKU-00001,Laptop Pro 15,3,1321.41,3964.23,09/21/2025,STORE-06,EMP-616,Debit
S000387,SKU-00006,Monitor Arm,8,317.4,2539.2,08/13/2024,STORE-10,EMP-600,Debit
S000388,SKU-00007,Notebook Pack,1,817.63,817.63,12/29/2024,STORE-01,EMP-238,Mobile
S000389,SKU-00006,Monitor Arm,10,919.55,9195.5,09/29/2024,STORE-04,EMP-962,Debit
S000390,SKU-00010,Webcam HD,6,1420.9,8525.4,11/22/2024,STORE-07,EMP-716,Cash
S000391,SKU-00003,USB Hub,1,709.51,709.51,09/10/2024,STORE-07,EMP-819,Mobile
S000392,SKU-00009,Printer Paper,10,1174.08,11740.8,04/30/2025,STORE-04,EMP-498,Credit
S000393,SKU-00001,Laptop Pro 15,2,520.91,1041.82,10/29/2025,STORE-03,EMP-583,Mobile
S000394,SKU-00008,Pen Set,5,1077.8,5389.0,04/05/2024,STORE-02,EMP-644,Debit
S000395,SKU-00008,Pen Set,9,871.84,7846.56,01/18/2024,STORE-06,EMP-253,Cash
S000396,SKU-00005,Standing Desk,5,80.03,400.15,01/24/2024,STORE-01,EMP-970,Credit
S000397,SKU-00006,Monitor Arm,9,688.09,6192.81,06/05/2024,STORE-06,EMP-987,Mobile
S000398,SKU-00002,Wireless Mouse,4,38.23,152.92,06/09/2024,STORE-01,EMP-337,Mobile
S000399,SKU-00004,Office Chair,6,455.72,2734.32,01/09/2025,STORE-04,EMP-305,Debit
S000400,SKU-00001,Laptop Pro 15,2,629.22,1258.44,12/02/2025,STORE-08,EMP-656,Debit
S000401,SKU-00012,Desk Lamp,7,1402.51,9817.57,10/01/2025,STORE-04,EMP-302,Mobile
S000402,SKU-00009,Printer Paper,7,532.85,3729.95,11/23/2024,STORE-02,EMP-121,Credit
S000403,SKU-00012,Desk Lamp,2,1220.96,2441.92,10/22/2024,STORE-07,EMP-430,Debit
S000404,SKU-00002,Wireless Mouse,10,1213.72,12137.2,11/14/2025,STORE-04,EMP-277,Credit
S000405,SKU-00001,Laptop Pro 15,7,1401.59,9811.13,03/09/2024,STORE-06,EMP-274,Debit
S000406,SKU-00002,Wireless Mouse,10,1216.94,12169.4,03/24/2025,STORE-08,EMP-716,Mobile
S000407,SKU-00001,Laptop Pro 15,5,701.79,3508.95,12/18/2025,STORE-01,EMP-111,Mobile
S000408,SKU-00006,Monitor Arm,1,118.59,118.59,04/07/2025,STORE-08,EMP-441,Cash
S000409,SKU-00005,Standing Desk,9,969.24,8723.16,02/08/2024,STORE-10,EMP-282,Credit
S000410,SKU-00004,Office Chair,7,1321.96,9253.72,12/18/2025,STORE-05,EMP-756,Debit
S000411,SKU-00008,Pen Set,1,632.08,632.08,02/22/2024,STORE-06,EMP-604,Mobile
S000412,SKU-00003,USB Hub,8,312.51,2500.08,07/24/2025,STORE-04,EMP-172,Cash
S000413,SKU-00006,Monitor Arm,10,757.78,7577.8,06/11/2024,STORE-03,EMP-935,Cash
S000414,SKU-00010,Webcam HD,9,676.17,6085.53,01/09/2024,STORE-02,EMP-542,Credit
S000415,SKU-00011,Keyboard BT,5,406.59,2032.95,03/13/2024,STORE-07,EMP-722,Mobile
S000416,SKU-00008,Pen Set,1,369.28,369.28,01/31/2024,STORE-09,EMP-785,Debit
S000417,SKU-00009,Printer Paper,6,340.99,2045.94,11/21/2024,STORE-01,EMP-919,Credit
S000418,SKU-00011,Keyboard BT,8,956.0,7648.0,09/04/2024,STORE-10,EMP-349,Cash
S000419,SKU-00002,Wireless Mouse,7,531.83,3722.81,11/18/2024,STORE-10,EMP-387,Cash
S000420,SKU-00001,Laptop Pro 15,10,1008.9,10089.0,05/14/2024,STORE-08,EMP-728,Debit
S000421,SKU-00011,Keyboard BT,7,93.88,657.16,06/09/2024,STORE-06,EMP-162,Credit
S000422,SKU-00011,Keyboard BT,4,1183.52,4734.08,01/23/2024,STORE-03,EMP-151,Mobile
S000423,SKU-00003,USB Hub,3,24.95,74.85,08/07/2024,STORE-09,EMP-389,Debit
S000424,SKU-00009,Printer Paper,2,313.84,627.68,08/09/2025,STORE-08,EMP-626,Debit
S000425,SKU-00008,Pen Set,6,1299.39,7796.34,08/16/2024,STORE-03,EMP-486,Mobile
S000426,SKU-00001,Laptop Pro 15,4,827.2,3308.8,04/25/2024,STORE-02,EMP-637,Mobile
S000427,SKU-00006,Monitor Arm,1,1009.59,1009.59,01/15/2025,STORE-06,EMP-167,Credit
S000428,SKU-00010,Webcam HD,10,933.19,9331.9,06/25/2024,STORE-10,EMP-404,Credit
S000429,SKU-00011,Keyboard BT,-7,439.67,3077.69,09/19/2025,STORE-08,EMP-881,Mobile
S000430,SKU-00001,Laptop Pro 15,4,440.96,1763.84,01/21/2025,STORE-03,EMP-173,Debit
S000431,SKU-00003,USB Hub,8,1345.65,10765.2,06/05/2024,STORE-02,EMP-508,Cash
S000432,SKU-00006,Monitor Arm,8,536.12,4288.96,08/03/2025,STORE-05,EMP-217,Cash
S000433,SKU-00005,Standing Desk,10,78.39,783.9,11/25/2024,STORE-05,EMP-836,Mobile
S000434,SKU-00003,USB Hub,10,224.44,2244.4,02/27/2024,STORE-10,EMP-613,Mobile
S000435,SKU-00007,Notebook Pack,2,1392.09,2784.18,11/06/2025,STORE-02,EMP-987,Mobile
S000436,SKU-00001,Laptop Pro 15,-8,407.78,3262.24,07/21/2025,STORE-10,EMP-929,Cash
S000437,SKU-00002,Wireless Mouse,9,63.97,575.73,02/03/2024,STORE-04,EMP-217,Debit
S000438,SKU-00008,Pen Set,8,1291.19,10329.52,11/20/2024,STORE-03,EMP-217,Mobile
S000439,SKU-00010,Webcam HD,3,940.62,2821.86,10/13/2024,STORE-05,EMP-899,Debit
S000440,SKU-00001,Laptop Pro 15,8,654.52,5236.16,11/26/2024,STORE-05,EMP-567,Cash
S000441,SKU-00006,Monitor Arm,10,365.52,3655.2,07/02/2025,STORE-10,EMP-577,Mobile
S000442,SKU-00011,Keyboard BT,2,1294.36,2588.72,05/16/2024,STORE-06,EMP-834,Cash
S000443,SKU-00005,Standing Desk,3,242.21,726.63,06/14/2024,STORE-01,EMP-899,Credit
S000444,SKU-00008,Pen Set,4,1198.15,4792.6,01/13/2024,STORE-01,EMP-208,Debit
S000445,SKU-00004,Office Chair,3,370.16,1110.48,09/30/2025,STORE-02,EMP-876,Debit
S000446,SKU-00001,Laptop Pro 15,5,1129.99,5649.95,05/14/2025,STORE-10,EMP-317,Debit
S000447,SKU-00005,Standing Desk,4,27.31,109.24,05/10/2025,STORE-02,EMP-806,Debit
S000448,SKU-00001,Laptop Pro 15,10,43.08,430.8,12/04/2024,STORE-02,EMP-764,Debit
S000449,SKU-00011,Keyboard BT,4,331.52,1326.08,08/26/2024,STORE-02,EMP-353,Credit
S000450,SKU-00012,Desk Lamp,1,1361.53,1361.53,12/30/2024,STORE-08,EMP-251,Cash
S000451,SKU-00004,Office Chair,2,111.27,222.54,11/19/2025,STORE-07,EMP-601,Mobile
S000452,SKU-00004,Office Chair,9,1271.69,11445.21,01/02/2025,STORE-09,EMP-235,Mobile
S000453,SKU-00001,Laptop Pro 15,2,1062.94,2125.88,03/20/2024,STORE-09,EMP-157,Credit
S000454,SKU-00011,Keyboard BT,4,787.95,3151.8,08/17/2025,STORE-05,EMP-261,Mobile
S000455,SKU-00005,Standing Desk,1,1099.4,1099.4,10/28/2024,STORE-08,EMP-466,Debit
S000456,SKU-00011,Keyboard BT,7,934.68,6542.76,08/18/2024,STORE-03,EMP-291,Cash
S000457,SKU-00009,Printer Paper,2,248.56,497.12,10/05/2025,STORE-01,EMP-723,Cash
S000458,SKU-00010,Webcam HD,2,705.19,1410.38,12/15/2025,STORE-01,EMP-182,Credit
S000459,SKU-00008,Pen Set,2,687.54,1375.08,12/10/2024,STORE-07,EMP-608,Debit
S000460,SKU-00009,Printer Paper,8,1225.99,9807.92,03/23/2025,STORE-02,EMP-258,Cash
S000461,SKU-00008,Pen Set,5,1490.36,7451.8,09/21/2024,STORE-05,EMP-210,Debit
S000462,SKU-00006,Monitor Arm,8,432.52,3460.16,05/07/2025,STORE-06,EMP-992,Credit
S000463,SKU-00009,Printer Paper,2,327.41,654.82,07/05/2025,STORE-02,EMP-617,Cash
S000464,SKU-00003,USB Hub,10,1031.24,10312.4,12/26/2024,STORE-09,EMP-379,Debit
S000465,SKU-00004,Office Chair,6,253.2,1519.2,09/26/2024,STORE-01,EMP-921,Mobile
S000466,SKU-00012,Desk Lamp,5,1276.69,6383.45,08/07/2025,STORE-02,EMP-302,Cash
S000467,SKU-00007,Notebook Pack,6,218.94,1313.64,11/14/2024,STORE-01,EMP-845,Debit
S000468,SKU-00005,Standing Desk,6,423.33,2539.98,08/04/2024,STORE-02,EMP-748,Credit
S000469,SKU-00004,Office Chair,9,1221.43,10992.87,03/08/2025,STORE-06,EMP-201,Credit
S000470,SKU-00005,Standing Desk,8,282.33,2258.64,08/19/2025,STORE-03,EMP-515,Credit
S000471,SKU-00001,Laptop Pro 15,1,900.59,900.59,05/04/2024,STORE-02,EMP-323,Cash
S000472,SKU-00003,USB Hub,3,238.38,715.14,03/19/2025,STORE-02,EMP-459,Debit
S000473,SKU-00006,Monitor Arm,2,135.18,270.36,07/08/2025,STORE-08,EMP-809,Debit
S000474,SKU-00003,USB Hub,4,184.56,738.24,12/02/2024,STORE-09,EMP-321,Cash
S000475,SKU-00004,Office Chair,3,936.54,2809.62,12/25/2024,STORE-08,EMP-126,Credit
S000476,SKU-00001,Laptop Pro 15,10,666.5,6665.0,04/30/2024,STORE-09,EMP-195,Debit
S000477,SKU-00006,Monitor Arm,5,347.18,1735.9,02/15/2025,STORE-03,EMP-753,Mobile
S000478,SKU-00005,Standing Desk,9,1267.49,11407.41,04/18/2024,STORE-09,EMP-575,Credit
S000479,SKU-00012,Desk Lamp,9,1312.37,11811.33,11/17/2024,STORE-03,EMP-706,Mobile
S000480,SKU-00003,USB Hub,9,383.46,3451.14,02/03/2025,STORE-09,EMP-424,Cash
S000481,SKU-00007,Notebook Pack,2,733.74,1467.48,11/12/2025,STORE-06,EMP-802,Mobile
S000482,SKU-00003,USB Hub,8,1054.25,8434.0,10/17/2024,STORE-03,EMP-773,Cash
S000483,SKU-00001,Laptop Pro 15,4,931.82,3727.28,05/02/2024,STORE-07,EMP-224,Cash
S000484,SKU-00002,Wireless Mouse,2,1350.81,2701.62,04/13/2024,STORE-08,EMP-134,Debit
S000485,SKU-00012,Desk Lamp,8,818.5,6548.0,11/04/2025,STORE-08,EMP-335,Mobile
S000486,SKU-00001,Laptop Pro 15,6,207.84,1247.04,12/04/2025,STORE-08,EMP-845,Cash
S000487,SKU-00008,Pen Set,4,849.83,3399.32,05/09/2025,STORE-01,EMP-743,Cash
S000488,SKU-00004,Office Chair,2,637.3,1274.6,08/15/2025,STORE-06,EMP-626,Cash
S000489,SKU-00008,Pen Set,8,172.25,1378.0,02/09/2025,STORE-08,EMP-544,Mobile
S000490,SKU-00005,Standing Desk,2,1030.72,2061.44,01/28/2025,STORE-01,EMP-514,Debit
S000491,SKU-00009,Printer Paper,9,813.75,7323.75,10/20/2024,STORE-05,EMP-372,Credit
S000492,SKU-00001,Laptop Pro 15,5,1101.16,5505.8,06/03/2025,STORE-09,EMP-513,Debit
S000493,SKU-00004,Office Chair,9,637.19,5734.71,10/26/2024,STORE-06,EMP-209,Credit
S000494,SKU-00003,USB Hub,8,1338.18,10705.44,03/07/2025,STORE-08,EMP-343,Cash
S000495,SKU-00003,USB Hub,6,1257.75,7546.5,04/04/2024,STORE-08,EMP-949,Credit
S000496,SKU-00002,Wireless Mouse,2,231.21,462.42,07/05/2025,STORE-02,EMP-666,Mobile
S000497,SKU-00001,Laptop Pro 15,7,325.82,2280.74,11/29/2024,STORE-09,EMP-791,Debit
S000498,SKU-00012,Desk Lamp,10,739.93,7399.3,05/11/2025,STORE-02,EMP-101,Debit
S000499,SKU-00007,Notebook Pack,9,1478.6,13307.4,07/21/2025,STORE-03,EMP-544,Credit
S000500,SKU-00005,Standing Desk,-3,312.97,938.91,09/23/2025,STORE-03,EMP-643,Mobile
S000501,SKU-00001,Laptop Pro 15,6,207.9,1247.4,03/25/2024,STORE-04,EMP-503,Credit
S000502,SKU-00003,USB Hub,6,803.58,4821.48,02/16/2025,STORE-02,EMP-618,Credit
S000503,SKU-00011,Keyboard BT,5,20.58,102.9,07/15/2025,STORE-05,EMP-844,Mobile
S000504,SKU-00007,Notebook Pack,2,523.71,1047.42,11/15/2024,STORE-08,EMP-219,Credit
S000505,SKU-00012,Desk Lamp,7,1408.8,9861.6,04/28/2025,STORE-06,EMP-565,Credit
S000506,SKU-00012,Desk Lamp,3,1464.99,4394.97,01/26/2024,STORE-07,EMP-197,Cash
S000507,SKU-00011,Keyboard BT,10,1184.3,11843.0,03/21/2025,STORE-09,EMP-724,Debit
S000508,SKU-00010,Webcam HD,8,1168.07,9344.56,07/06/2025,STORE-01,EMP-272,Credit
S000509,SKU-00006,Monitor Arm,3,363.62,1090.86,06/12/2025,STORE-05,EMP-797,Debit
S000510,SKU-00004,Office Chair,9,325.71,2931.39,11/12/2025,STORE-09,EMP-415,Mobile
S000511,SKU-00005,Standing Desk,10,1456.38,14563.8,02/06/2025,STORE-10,EMP-634,Cash
S000512,SKU-00006,Monitor Arm,7,157.38,1101.66,09/15/2025,STORE-07,EMP-870,Cash
S000513,SKU-00005,Standing Desk,8,970.85,7766.8,04/29/2024,STORE-01,EMP-397,Credit
S000514,SKU-00003,USB Hub,6,1441.97,8651.82,09/23/2024,STORE-07,EMP-483,Credit
S000515,SKU-00006,Monitor Arm,8,143.2,1145.6,03/19/2025,STORE-09,EMP-901,Debit
S000516,SKU-00005,Standing Desk,10,925.52,9255.2,10/03/2024,STORE-01,EMP-635,Debit
S000517,SKU-00008,Pen Set,3,705.95,2117.85,04/08/2025,STORE-03,EMP-623,Cash
S000518,SKU-00003,USB Hub,8,1464.86,11718.88,03/16/2024,STORE-05,EMP-100,Cash
S000519,SKU-00011,Keyboard BT,5,1191.99,5959.95,09/19/2024,STORE-01,EMP-640,Mobile
S000520,SKU-00002,Wireless Mouse,8,357.74,2861.92,04/22/2024,STORE-09,EMP-637,Debit
S000521,SKU-00006,Monitor Arm,3,409.55,1228.65,01/07/2025,STORE-03,EMP-217,Mobile
S000522,SKU-00003,USB Hub,1,1040.56,1040.56,04/05/2024,STORE-02,EMP-852,Cash
S000523,SKU-00011,Keyboard BT,10,492.37,4923.7,10/07/2025,STORE-09,EMP-764,Debit
S000524,SKU-00012,Desk Lamp,2,977.66,1955.32,04/25/2024,STORE-06,EMP-690,Debit
S000525,SKU-00004,Office Chair,4,374.68,1498.72,04/19/2024,STORE-08,EMP-682,Debit
S000526,SKU-00007,Notebook Pack,10,1361.8,13618.0,04/13/2024,STORE-08,EMP-578,Cash
S000527,SKU-00010,Webcam HD,1,1037.21,1037.21,12/03/2024,STORE-04,EMP-301,Mobile
S000528,SKU-00002,Wireless Mouse,10,952.51,9525.1,01/23/2025,STORE-04,EMP-717,Mobile
S000529,SKU-00002,Wireless Mouse,5,962.48,4812.4,08/09/2024,STORE-07,EMP-356,Mobile
S000530,SKU-00007,Notebook Pack,10,88.09,880.9,11/15/2024,STORE-06,EMP-284,Cash
S000531,SKU-00010,Webcam HD,-3,596.36,1789.08,05/07/2024,STORE-03,EMP-426,Debit
S000532,SKU-00008,Pen Set,7,1216.5,8515.5,06/03/2025,STORE-04,EMP-930,Cash
S000533,SKU-00006,Monitor Arm,5,633.35,3166.75,01/16/2024,STORE-08,EMP-695,Mobile
S000534,SKU-00001,Laptop Pro 15,8,1184.34,9474.72,03/23/2025,STORE-09,EMP-458,Mobile
S000535,SKU-00010,Webcam HD,3,473.05,1419.15,12/13/2024,STORE-10,EMP-336,Credit
S000536,SKU-00009,Printer Paper,-7,853.86,5977.02,11/11/2024,STORE-07,EMP-659,Cash
S000537,SKU-00003,USB Hub,1,999.68,999.68,03/29/2025,STORE-07,EMP-381,Mobile
S000538,SKU-00002,Wireless Mouse,8,1348.64,10789.12,01/17/2025,STORE-10,EMP-446,Mobile
S000539,SKU-00011,Keyboard BT,8,399.94,3199.52,08/09/2024,STORE-04,EMP-407,Cash
S000540,SKU-00003,USB Hub,9,1038.37,9345.33,10/21/2024,STORE-04,EMP-752,Mobile
S000541,SKU-00008,Pen Set,6,284.47,1706.82,09/19/2025,STORE-07,EMP-624,Debit
S000542,SKU-00004,Office Chair,10,101.93,1019.3,10/20/2025,STORE-10,EMP-206,Credit
S000543,SKU-00007,Notebook Pack,9,1174.31,10568.79,08/24/2024,STORE-04,EMP-230,Mobile
S000544,SKU-00002,Wireless Mouse,7,1439.08,10073.56,09/29/2025,STORE-09,EMP-387,Cash
S000545,SKU-00008,Pen Set,3,1160.12,3480.36,06/01/2024,STORE-06,EMP-220,Credit
S000546,SKU-00008,Pen Set,5,779.83,3899.15,12/23/2024,STORE-04,EMP-283,Debit
S000547,SKU-00001,Laptop Pro 15,7,1284.21,8989.47,09/11/2025,STORE-09,EMP-210,Cash
S000548,SKU-00006,Monitor Arm,5,262.02,1310.1,02/04/2025,STORE-01,EMP-725,Credit
S000549,SKU-00011,Keyboard BT,7,84.54,591.78,12/23/2025,STORE-08,EMP-660,Debit
S000550,SKU-00004,Office Chair,6,1153.98,6923.88,01/07/2024,STORE-07,EMP-200,Mobile
S000551,SKU-00004,Office Chair,9,205.08,1845.72,04/11/2025,STORE-06,EMP-174,Cash
S000552,SKU-00009,Printer Paper,-7,512.54,3587.78,04/06/2025,STORE-10,EMP-528,Cash
S000553,SKU-00003,USB Hub,1,210.36,210.36,09/22/2024,STORE-01,EMP-201,Mobile
S000554,SKU-00003,USB Hub,9,128.91,1160.19,09/19/2025,STORE-06,EMP-876,Debit
S000555,SKU-00002,Wireless Mouse,3,393.56,1180.68,02/21/2025,STORE-08,EMP-356,Cash
S000556,SKU-00010,Webcam HD,5,14.62,73.1,11/03/2024,STORE-04,EMP-559,Cash
S000557,SKU-00002,Wireless Mouse,2,877.84,1755.68,06/25/2025,STORE-08,EMP-835,Credit
S000558,SKU-00001,Laptop Pro 15,7,1048.37,7338.59,08/25/2024,STORE-05,EMP-140,Debit
S000559,SKU-00002,Wireless Mouse,4,59.45,237.8,12/23/2024,STORE-08,EMP-290,Credit
S000560,SKU-00004,Office Chair,3,681.03,2043.09,08/01/2025,STORE-02,EMP-619,Credit
S000561,SKU-00002,Wireless Mouse,7,731.93,5123.51,03/04/2025,STORE-03,EMP-712,Mobile
S000562,SKU-00012,Desk Lamp,9,102.9,926.1,04/24/2025,STORE-06,EMP-415,Cash
S000563,SKU-00003,USB Hub,4,333.27,1333.08,06/08/2024,STORE-02,EMP-422,Mobile
S000564,SKU-00004,Office Chair,3,454.91,1364.73,05/22/2025,STORE-05,EMP-505,Mobile
S000565,SKU-00003,USB Hub,8,132.98,1063.84,12/24/2024,STORE-06,EMP-854,Cash
S000566,SKU-00001,Laptop Pro 15,4,1055.6,4222.4,12/28/2025,STORE-10,EMP-562,Mobile
S000567,SKU-00009,Printer Paper,1,840.45,840.45,06/02/2025,STORE-05,EMP-202,Mobile
S000568,SKU-00007,Notebook Pack,8,927.76,7422.08,08/17/2024,STORE-10,EMP-884,Credit
S000569,SKU-00004,Office Chair,10,454.91,4549.1,09/01/2025,STORE-10,EMP-779,Debit
S000570,SKU-00003,USB Hub,1,201.14,201.14,07/29/2024,STORE-06,EMP-267,Cash
S000571,SKU-00009,Printer Paper,2,182.31,364.62,09/22/2024,STORE-07,EMP-641,Cash
S000572,SKU-00009,Printer Paper,10,1091.13,10911.3,08/20/2024,STORE-04,EMP-175,Credit
S000573,SKU-00004,Office Chair,5,864.35,4321.75,08/08/2024,STORE-06,EMP-811,Credit
S000574,SKU-00010,Webcam HD,4,734.03,2936.12,04/24/2024,STORE-01,EMP-385,Cash
S000575,SKU-00003,USB Hub,9,1377.85,12400.65,12/19/2025,STORE-02,EMP-995,Cash
S000576,SKU-00001,Laptop Pro 15,2,620.6,1241.2,02/12/2024,STORE-05,EMP-126,Credit
S000577,SKU-00012,Desk Lamp,8,1131.63,9053.04,11/04/2025,STORE-07,EMP-232,Cash
S000578,SKU-00009,Printer Paper,1,657.92,657.92,02/07/2024,STORE-05,EMP-350,Cash
S000579,SKU-00011,Keyboard BT,9,224.89,2024.01,09/15/2025,STORE-10,EMP-929,Cash
S000580,SKU-00007,Notebook Pack,3,1219.82,3659.46,09/16/2024,STORE-05,EMP-165,Debit
S000581,SKU-00002,Wireless Mouse,7,1171.15,8198.05,10/25/2024,STORE-02,EMP-448,Cash
S000582,SKU-00006,Monitor Arm,8,1114.23,8913.84,12/04/2024,STORE-07,EMP-639,Cash
S000583,SKU-00004,Office Chair,5,337.07,1685.35,12/12/2024,STORE-04,EMP-953,Credit
S000584,SKU-00002,Wireless Mouse,5,879.36,4396.8,09/11/2025,STORE-03,EMP-852,Credit
S000585,SKU-00004,Office Chair,6,1057.64,6345.84,02/15/2025,STORE-04,EMP-383,Mobile
S000586,SKU-00003,USB Hub,7,253.65,1775.55,10/03/2024,STORE-08,EMP-206,Credit
S000587,SKU-00007,Notebook Pack,6,1338.42,8030.52,06/19/2024,STORE-08,EMP-790,Mobile
S000588,SKU-00004,Office Chair,1,818.53,818.53,12/19/2025,STORE-03,EMP-791,Debit
S000589,SKU-00004,Office Chair,7,433.8,3036.6,02/11/2024,STORE-01,EMP-804,Credit
S000590,SKU-00006,Monitor Arm,5,18.76,93.8,12/27/2025,STORE-05,EMP-993,Mobile
S000591,SKU-00008,Pen Set,7,551.9,3863.3,03/07/2024,STORE-08,EMP-249,Mobile
S000592,SKU-00012,Desk Lamp,6,1134.29,6805.74,06/09/2024,STORE-10,EMP-215,Credit
S000593,SKU-00007,Notebook Pack,6,1105.06,6630.36,03/21/2025,STORE-05,EMP-364,Cash
S000594,SKU-00004,Office Chair,1,51.64,51.64,01/11/2025,STORE-10,EMP-101,Credit
S000595,SKU-00003,USB Hub,5,1423.98,7119.9,08/31/2024,STORE-01,EMP-698,Credit
S000596,SKU-00011,Keyboard BT,9,339.74,3057.66,11/12/2024,STORE-04,EMP-495,Debit
S000597,SKU-00006,Monitor Arm,7,639.84,4478.88,01/24/2024,STORE-10,EMP-912,Cash
S000598,SKU-00010,Webcam HD,6,826.34,4958.04,10/20/2024,STORE-10,EMP-377,Cash
S000599,SKU-00007,Notebook Pack,5,470.39,2351.95,01/12/2025,STORE-02,EMP-439,Mobile
S000600,SKU-00011,Keyboard BT,10,232.55,2325.5,08/25/2024,STORE-01,EMP-112,Credit
S000601,SKU-00004,Office Chair,5,869.29,4346.45,11/04/2025,STORE-03,EMP-649,Debit
S000602,SKU-00006,Monitor Arm,6,1133.64,6801.84,02/12/2024,STORE-08,EMP-417,Credit
S000603,SKU-00011,Keyboard BT,9,216.7,1950.3,07/11/2025,STORE-01,EMP-300,Mobile
S000604,SKU-00011,Keyboard BT,5,405.66,2028.3,02/23/2024,STORE-01,EMP-166,Cash
S000605,SKU-00006,Monitor Arm,7,798.03,5586.21,08/13/2025,STORE-08,EMP-585,Cash
S000606,SKU-00012,Desk Lamp,7,1247.36,8731.52,09/15/2025,STORE-07,EMP-411,Debit
S000607,SKU-00011,Keyboard BT,3,1253.45,3760.35,04/27/2024,STORE-07,EMP-696,Mobile
S000608,SKU-00009,Printer Paper,10,1194.84,11948.4,12/12/2025,STORE-09,EMP-542,Mobile
S000609,SKU-00008,Pen Set,10,354.76,3547.6,10/27/2024,STORE-09,EMP-990,Debit
S000610,SKU-00004,Office Chair,6,713.18,4279.08,05/11/2024,STORE-04,EMP-842,Cash
S000611,SKU-00011,Keyboard BT,7,54.83,383.81,12/05/2025,STORE-08,EMP-707,Debit
S000612,SKU-00006,Monitor Arm,8,481.87,3854.96,05/02/2024,STORE-01,EMP-136,Cash
S000613,SKU-00005,Standing Desk,5,691.88,3459.4,03/06/2024,STORE-03,EMP-367,Debit
S000614,SKU-00008,Pen Set,10,1047.37,10473.7,10/01/2024,STORE-09,EMP-939,Cash
S000615,SKU-00003,USB Hub,1,1213.26,1213.26,08/16/2024,STORE-03,EMP-975,Mobile
S000616,SKU-00001,Laptop Pro 15,8,1421.17,11369.36,08/14/2025,STORE-07,EMP-831,Cash
S000617,SKU-00012,Desk Lamp,4,1196.89,4787.56,11/09/2025,STORE-03,EMP-482,Cash
S000618,SKU-00002,Wireless Mouse,6,1081.67,6490.02,01/04/2025,STORE-08,EMP-334,Credit
S000619,SKU-00003,USB Hub,3,367.52,1102.56,05/18/2024,STORE-07,EMP-137,Cash
S000620,SKU-00006,Monitor Arm,5,220.15,1100.75,09/30/2025,STORE-09,EMP-633,Credit
S000621,SKU-00010,Webcam HD,10,1238.84,12388.4,03/22/2024,STORE-03,EMP-379,Credit
S000622,SKU-00009,Printer Paper,4,982.87,3931.48,10/25/2025,STORE-01,EMP-836,Mobile
S000623,SKU-00009,Printer Paper,5,1156.15,5780.75,02/19/2025,STORE-08,EMP-247,Mobile
S000624,SKU-00008,Pen Set,4,39.6,158.4,12/25/2025,STORE-04,EMP-777,Debit
S000625,SKU-00008,Pen Set,8,123.86,990.88,02/07/2025,STORE-08,EMP-339,Credit
S000626,SKU-00012,Desk Lamp,1,936.04,936.04,05/05/2024,STORE-04,EMP-865,Mobile
S000627,SKU-00009,Printer Paper,4,1240.42,4961.68,05/12/2025,STORE-05,EMP-111,Credit
S000628,SKU-00007,Notebook Pack,10,437.07,4370.7,05/04/2025,STORE-05,EMP-347,Debit
S000629,SKU-00009,Printer Paper,2,1439.18,2878.36,01/04/2025,STORE-08,EMP-767,Mobile
S000630,SKU-00006,Monitor Arm,2,563.82,1127.64,03/03/2024,STORE-03,EMP-199,Mobile
S000631,SKU-00006,Monitor Arm,10,842.46,8424.6,03/29/2024,STORE-10,EMP-410,Cash
S000632,SKU-00008,Pen Set,7,1140.22,7981.54,09/08/2024,STORE-09,EMP-518,Cash
S000633,SKU-00010,Webcam HD,1,825.24,825.24,11/04/2024,STORE-01,EMP-745,Credit
S000634,SKU-00004,Office Chair,3,1465.33,4395.99,08/15/2024,STORE-06,EMP-430,Debit
S000635,SKU-00012,Desk Lamp,6,297.9,1787.4,04/04/2025,STORE-03,EMP-111,Debit
S000636,SKU-00001,Laptop Pro 15,-1,955.7,955.7,12/26/2025,STORE-05,EMP-970,Credit
S000637,SKU-00003,USB Hub,3,1272.59,3817.77,08/04/2025,STORE-08,EMP-928,Credit
S000638,SKU-00007,Notebook Pack,8,1204.4,9635.2,04/01/2025,STORE-02,EMP-143,Mobile
S000639,SKU-00001,Laptop Pro 15,2,1116.06,2232.12,03/28/2024,STORE-04,EMP-746,Cash
S000640,SKU-00003,USB Hub,4,1485.88,5943.52,06/12/2024,STORE-04,EMP-463,Debit
S000641,SKU-00012,Desk Lamp,8,1082.52,8660.16,09/22/2024,STORE-06,EMP-312,Mobile
S000642,SKU-00006,Monitor Arm,7,61.24,428.68,05/20/2024,STORE-07,EMP-586,Debit
S000643,SKU-00003,USB Hub,2,1273.7,2547.4,08/13/2024,STORE-09,EMP-269,Debit
S000644,SKU-00007,Notebook Pack,3,255.69,767.07,08/20/2024,STORE-10,EMP-751,Mobile
S000645,SKU-00012,Desk Lamp,9,1226.0,11034.0,08/11/2024,STORE-10,EMP-537,Cash
S000646,SKU-00010,Webcam HD,-7,1048.22,7337.54,04/14/2025,STORE-10,EMP-294,Cash
S000647,SKU-00002,Wireless Mouse,6,946.84,5681.04,04/15/2025,STORE-02,EMP-742,Cash
S000648,SKU-00009,Printer Paper,2,621.3,1242.6,01/14/2025,STORE-04,EMP-807,Debit
S000649,SKU-00011,Keyboard BT,9,546.28,4916.52,11/07/2025,STORE-02,EMP-892,Debit
S000650,SKU-00004,Office Chair,3,97.64,292.92,09/23/2025,STORE-03,EMP-671,Credit
S000651,SKU-00004,Office Chair,5,230.47,1152.35,10/08/2024,STORE-10,EMP-439,Cash
S000652,SKU-00006,Monitor Arm,3,1076.29,3228.87,11/30/2025,STORE-09,EMP-114,Cash
S000653,SKU-00007,Notebook Pack,5,1255.68,6278.4,02/22/2025,STORE-02,EMP-740,Debit
S000654,SKU-00008,Pen Set,10,874.97,8749.7,11/23/2025,STORE-03,EMP-374,Mobile
S000655,SKU-00011,Keyboard BT,7,1033.65,7235.55,09/11/2025,STORE-03,EMP-635,Mobile
S000656,SKU-00009,Printer Paper,10,976.92,9769.2,08/14/2025,STORE-07,EMP-621,Cash
S000657,SKU-00012,Desk Lamp,7,568.9,3982.3,09/19/2025,STORE-04,EMP-951,Cash
S000658,SKU-00005,Standing Desk,8,607.22,4857.76,06/21/2024,STORE-05,EMP-732,Debit
S000659,SKU-00012,Desk Lamp,9,271.59,2444.31,07/07/2025,STORE-02,EMP-626,Credit
S000660,SKU-00006,Monitor Arm,2,1234.17,2468.34,01/19/2025,STORE-07,EMP-909,Cash
S000661,SKU-00009,Printer Paper,3,1263.63,3790.89,06/09/2024,STORE-10,EMP-569,Credit
S000662,SKU-00007,Notebook Pack,10,1037.6,10376.0,07/24/2025,STORE-07,EMP-538,Cash
S000663,SKU-00003,USB Hub,10,606.46,6064.6,03/16/2024,STORE-07,EMP-464,Cash
S000664,SKU-00003,USB Hub,5,1243.86,6219.3,10/29/2024,STORE-01,EMP-867,Credit
S000665,SKU-00002,Wireless Mouse,8,629.49,5035.92,11/11/2025,STORE-10,EMP-599,Cash
S000666,SKU-00008,Pen Set,8,723.1,5784.8,09/30/2025,STORE-04,EMP-632,Mobile
S000667,SKU-00005,Standing Desk,8,1232.86,9862.88,10/05/2024,STORE-03,EMP-144,Mobile
S000668,SKU-00012,Desk Lamp,5,742.96,3714.8,06/27/2025,STORE-07,EMP-293,Debit
S000669,SKU-00011,Keyboard BT,5,377.65,1888.25,12/20/2025,STORE-02,EMP-914,Credit
S000670,SKU-00010,Webcam HD,5,181.21,906.05,09/06/2024,STORE-06,EMP-357,Credit
S000671,SKU-00008,Pen Set,1,971.16,971.16,10/25/2025,STORE-06,EMP-870,Cash
S000672,SKU-00003,USB Hub,3,102.59,307.77,02/20/2025,STORE-03,EMP-840,Debit
S000673,SKU-00004,Office Chair,3,1294.35,3883.05,10/08/2024,STORE-01,EMP-823,Debit
S000674,SKU-00011,Keyboard BT,8,445.41,3563.28,07/22/2024,STORE-09,EMP-348,Debit
S000675,SKU-00007,Notebook Pack,3,1320.98,3962.94,05/29/2024,STORE-06,EMP-762,Credit
S000676,SKU-00005,Standing Desk,5,1408.39,7041.95,01/27/2024,STORE-03,EMP-683,Cash
S000677,SKU-00004,Office Chair,3,232.01,696.03,03/09/2025,STORE-01,EMP-982,Credit
S000678,SKU-00003,USB Hub,2,846.24,1692.48,02/24/2025,STORE-06,EMP-612,Cash
S000679,SKU-00004,Office Chair,9,560.12,5041.08,12/05/2024,STORE-02,EMP-242,Mobile
S000680,SKU-00004,Office Chair,2,777.67,1555.34,01/31/2024,STORE-06,EMP-620,Credit
S000681,SKU-00001,Laptop Pro 15,10,679.95,6799.5,08/21/2025,STORE-01,EMP-904,Debit
S000682,SKU-00004,Office Chair,6,39.5,237.0,04/30/2025,STORE-04,EMP-867,Cash
S000683,SKU-00009,Printer Paper,6,1333.1,7998.6,08/29/2024,STORE-08,EMP-570,Debit
S000684,SKU-00006,Monitor Arm,10,1005.3,10053.0,09/20/2024,STORE-01,EMP-683,Debit
S000685,SKU-00011,Keyboard BT,4,1496.02,5984.08,07/16/2024,STORE-03,EMP-760,Debit
S000686,SKU-00012,Desk Lamp,4,1477.94,5911.76,07/20/2024,STORE-06,EMP-993,Cash
S000687,SKU-00009,Printer Paper,5,1296.56,6482.8,09/06/2024,STORE-04,EMP-848,Cash
S000688,SKU-00005,Standing Desk,8,1122.97,8983.76,11/10/2025,STORE-03,EMP-584,Cash
S000689,SKU-00007,Notebook Pack,7,380.42,2662.94,11/12/2024,STORE-09,EMP-473,Mobile
S000690,SKU-00009,Printer Paper,7,775.18,5426.26,06/23/2024,STORE-07,EMP-866,Debit
S000691,SKU-00002,Wireless Mouse,3,722.95,2168.85,02/24/2024,STORE-02,EMP-205,Credit
S000692,SKU-00007,Notebook Pack,4,1199.8,4799.2,05/23/2025,STORE-01,EMP-905,Debit
S000693,SKU-00006,Monitor Arm,7,1067.58,7473.06,04/16/2024,STORE-06,EMP-379,Cash
S000694,SKU-00003,USB Hub,4,1049.04,4196.16,07/05/2025,STORE-07,EMP-177,Debit
S000695,SKU-00010,Webcam HD,5,191.8,959.0,10/15/2025,STORE-09,EMP-274,Credit
S000696,SKU-00009,Printer Paper,2,404.56,809.12,02/04/2024,STORE-02,EMP-751,Cash
S000697,SKU-00011,Keyboard BT,2,867.79,1735.58,12/18/2024,STORE-01,EMP-779,Debit
S000698,SKU-00012,Desk Lamp,3,1004.35,3013.05,04/14/2024,STORE-07,EMP-412,Debit
S000699,SKU-00012,Desk Lamp,1,974.95,974.95,06/24/2025,STORE-02,EMP-135,Mobile
S000700,SKU-00006,Monitor Arm,6,156.08,936.48,05/17/2025,STORE-03,EMP-508,Credit
